ISO-10303-21;
HEADER;
/* Generated by software containing ST-Developer
 * from STEP Tools, Inc. (www.steptools.com) 
 */

FILE_DESCRIPTION(
/* description */ (''),
/* implementation_level */ '2;1');

FILE_NAME(
/* name */ 'Aerosol Conditioning Unit - STEP.step',
/* time_stamp */ '2026-08-14T14:23:21-04:00',
/* author */ (''),
/* organization */ (''),
/* preprocessor_version */ 'ST-DEVELOPER v20.1',
/* originating_system */ 'Autodesk Translation Framework v15.8.0.0',
/* authorisation */ '');

FILE_SCHEMA (('AUTOMOTIVE_DESIGN { 1 0 10303 214 3 1 1 }'));
ENDSEC;

DATA;
#10=MECHANICAL_DESIGN_GEOMETRIC_PRESENTATION_REPRESENTATION('',(#13,#14,
#15),#4110);
#11=SHAPE_REPRESENTATION_RELATIONSHIP('SRR','None',#4117,#12);
#12=ADVANCED_BREP_SHAPE_REPRESENTATION('',(#16,#17,#18),#4109);
#13=STYLED_ITEM('',(#4127),#16);
#14=STYLED_ITEM('',(#4127),#17);
#15=STYLED_ITEM('',(#4127),#18);
#16=MANIFOLD_SOLID_BREP('Main Body',#2474);
#17=MANIFOLD_SOLID_BREP('Side Pannel',#2475);
#18=MANIFOLD_SOLID_BREP('Top Lid',#2476);
#19=FACE_BOUND('',#218,.T.);
#20=FACE_BOUND('',#229,.T.);
#21=FACE_BOUND('',#263,.T.);
#22=FACE_BOUND('',#267,.T.);
#23=FACE_BOUND('',#268,.T.);
#24=FACE_BOUND('',#269,.T.);
#25=FACE_BOUND('',#272,.T.);
#26=FACE_BOUND('',#276,.T.);
#27=FACE_BOUND('',#279,.T.);
#28=FACE_BOUND('',#285,.T.);
#29=FACE_BOUND('',#295,.T.);
#30=FACE_BOUND('',#319,.T.);
#31=FACE_BOUND('',#322,.T.);
#32=FACE_BOUND('',#344,.T.);
#33=ELLIPSE('',#2504,3.32328028224497,2.);
#34=ELLIPSE('',#2507,3.32328028224497,2.);
#35=CYLINDRICAL_SURFACE('',#2497,2.);
#36=CYLINDRICAL_SURFACE('',#2502,2.);
#37=CYLINDRICAL_SURFACE('',#2503,2.);
#38=CYLINDRICAL_SURFACE('',#2505,2.);
#39=CYLINDRICAL_SURFACE('',#2506,2.);
#40=CYLINDRICAL_SURFACE('',#2519,8.85);
#41=CYLINDRICAL_SURFACE('',#2522,8.85);
#42=CYLINDRICAL_SURFACE('',#2530,26.35);
#43=CYLINDRICAL_SURFACE('',#2536,6.85);
#44=CYLINDRICAL_SURFACE('',#2538,6.49999999999999);
#45=CYLINDRICAL_SURFACE('',#2571,8.85);
#46=CYLINDRICAL_SURFACE('',#2573,6.85);
#47=CYLINDRICAL_SURFACE('',#2577,28.35);
#48=CYLINDRICAL_SURFACE('',#2587,25.);
#49=CYLINDRICAL_SURFACE('',#2591,25.);
#50=CYLINDRICAL_SURFACE('',#2595,25.);
#51=CYLINDRICAL_SURFACE('',#2600,25.);
#52=CYLINDRICAL_SURFACE('',#2608,23.);
#53=CYLINDRICAL_SURFACE('',#2610,23.);
#54=CYLINDRICAL_SURFACE('',#2612,23.);
#55=CYLINDRICAL_SURFACE('',#2614,23.);
#56=CYLINDRICAL_SURFACE('',#2620,5.);
#57=CYLINDRICAL_SURFACE('',#2626,5.);
#58=CYLINDRICAL_SURFACE('',#2655,7.);
#59=CYLINDRICAL_SURFACE('',#2664,21.);
#60=CYLINDRICAL_SURFACE('',#2668,21.);
#61=CYLINDRICAL_SURFACE('',#2672,21.);
#62=CYLINDRICAL_SURFACE('',#2676,21.);
#63=CYLINDRICAL_SURFACE('',#2680,23.);
#64=CYLINDRICAL_SURFACE('',#2683,23.);
#65=CYLINDRICAL_SURFACE('',#2686,23.);
#66=CYLINDRICAL_SURFACE('',#2689,23.);
#67=CYLINDRICAL_SURFACE('',#2693,25.);
#68=CYLINDRICAL_SURFACE('',#2695,25.);
#69=CYLINDRICAL_SURFACE('',#2697,25.);
#70=CYLINDRICAL_SURFACE('',#2699,25.);
#71=SPHERICAL_SURFACE('',#2493,2.);
#72=SPHERICAL_SURFACE('',#2498,2.);
#73=FACE_OUTER_BOUND('',#206,.T.);
#74=FACE_OUTER_BOUND('',#207,.T.);
#75=FACE_OUTER_BOUND('',#208,.T.);
#76=FACE_OUTER_BOUND('',#209,.T.);
#77=FACE_OUTER_BOUND('',#210,.T.);
#78=FACE_OUTER_BOUND('',#211,.T.);
#79=FACE_OUTER_BOUND('',#212,.T.);
#80=FACE_OUTER_BOUND('',#213,.T.);
#81=FACE_OUTER_BOUND('',#214,.T.);
#82=FACE_OUTER_BOUND('',#215,.T.);
#83=FACE_OUTER_BOUND('',#216,.T.);
#84=FACE_OUTER_BOUND('',#217,.T.);
#85=FACE_OUTER_BOUND('',#219,.T.);
#86=FACE_OUTER_BOUND('',#220,.T.);
#87=FACE_OUTER_BOUND('',#221,.T.);
#88=FACE_OUTER_BOUND('',#222,.T.);
#89=FACE_OUTER_BOUND('',#223,.T.);
#90=FACE_OUTER_BOUND('',#224,.T.);
#91=FACE_OUTER_BOUND('',#225,.T.);
#92=FACE_OUTER_BOUND('',#226,.T.);
#93=FACE_OUTER_BOUND('',#227,.T.);
#94=FACE_OUTER_BOUND('',#228,.T.);
#95=FACE_OUTER_BOUND('',#230,.T.);
#96=FACE_OUTER_BOUND('',#231,.T.);
#97=FACE_OUTER_BOUND('',#232,.T.);
#98=FACE_OUTER_BOUND('',#233,.T.);
#99=FACE_OUTER_BOUND('',#234,.T.);
#100=FACE_OUTER_BOUND('',#235,.T.);
#101=FACE_OUTER_BOUND('',#236,.T.);
#102=FACE_OUTER_BOUND('',#237,.T.);
#103=FACE_OUTER_BOUND('',#238,.T.);
#104=FACE_OUTER_BOUND('',#239,.T.);
#105=FACE_OUTER_BOUND('',#240,.T.);
#106=FACE_OUTER_BOUND('',#241,.T.);
#107=FACE_OUTER_BOUND('',#242,.T.);
#108=FACE_OUTER_BOUND('',#243,.T.);
#109=FACE_OUTER_BOUND('',#244,.T.);
#110=FACE_OUTER_BOUND('',#245,.T.);
#111=FACE_OUTER_BOUND('',#246,.T.);
#112=FACE_OUTER_BOUND('',#247,.T.);
#113=FACE_OUTER_BOUND('',#248,.T.);
#114=FACE_OUTER_BOUND('',#249,.T.);
#115=FACE_OUTER_BOUND('',#250,.T.);
#116=FACE_OUTER_BOUND('',#251,.T.);
#117=FACE_OUTER_BOUND('',#252,.T.);
#118=FACE_OUTER_BOUND('',#253,.T.);
#119=FACE_OUTER_BOUND('',#254,.T.);
#120=FACE_OUTER_BOUND('',#255,.T.);
#121=FACE_OUTER_BOUND('',#256,.T.);
#122=FACE_OUTER_BOUND('',#257,.T.);
#123=FACE_OUTER_BOUND('',#258,.T.);
#124=FACE_OUTER_BOUND('',#259,.T.);
#125=FACE_OUTER_BOUND('',#260,.T.);
#126=FACE_OUTER_BOUND('',#261,.T.);
#127=FACE_OUTER_BOUND('',#262,.T.);
#128=FACE_OUTER_BOUND('',#264,.T.);
#129=FACE_OUTER_BOUND('',#265,.T.);
#130=FACE_OUTER_BOUND('',#266,.T.);
#131=FACE_OUTER_BOUND('',#270,.T.);
#132=FACE_OUTER_BOUND('',#271,.T.);
#133=FACE_OUTER_BOUND('',#273,.T.);
#134=FACE_OUTER_BOUND('',#274,.T.);
#135=FACE_OUTER_BOUND('',#275,.T.);
#136=FACE_OUTER_BOUND('',#277,.T.);
#137=FACE_OUTER_BOUND('',#278,.T.);
#138=FACE_OUTER_BOUND('',#280,.T.);
#139=FACE_OUTER_BOUND('',#281,.T.);
#140=FACE_OUTER_BOUND('',#282,.T.);
#141=FACE_OUTER_BOUND('',#283,.T.);
#142=FACE_OUTER_BOUND('',#284,.T.);
#143=FACE_OUTER_BOUND('',#286,.T.);
#144=FACE_OUTER_BOUND('',#287,.T.);
#145=FACE_OUTER_BOUND('',#288,.T.);
#146=FACE_OUTER_BOUND('',#289,.T.);
#147=FACE_OUTER_BOUND('',#290,.T.);
#148=FACE_OUTER_BOUND('',#291,.T.);
#149=FACE_OUTER_BOUND('',#292,.T.);
#150=FACE_OUTER_BOUND('',#293,.T.);
#151=FACE_OUTER_BOUND('',#294,.T.);
#152=FACE_OUTER_BOUND('',#296,.T.);
#153=FACE_OUTER_BOUND('',#297,.T.);
#154=FACE_OUTER_BOUND('',#298,.T.);
#155=FACE_OUTER_BOUND('',#299,.T.);
#156=FACE_OUTER_BOUND('',#300,.T.);
#157=FACE_OUTER_BOUND('',#301,.T.);
#158=FACE_OUTER_BOUND('',#302,.T.);
#159=FACE_OUTER_BOUND('',#303,.T.);
#160=FACE_OUTER_BOUND('',#304,.T.);
#161=FACE_OUTER_BOUND('',#305,.T.);
#162=FACE_OUTER_BOUND('',#306,.T.);
#163=FACE_OUTER_BOUND('',#307,.T.);
#164=FACE_OUTER_BOUND('',#308,.T.);
#165=FACE_OUTER_BOUND('',#309,.T.);
#166=FACE_OUTER_BOUND('',#310,.T.);
#167=FACE_OUTER_BOUND('',#311,.T.);
#168=FACE_OUTER_BOUND('',#312,.T.);
#169=FACE_OUTER_BOUND('',#313,.T.);
#170=FACE_OUTER_BOUND('',#314,.T.);
#171=FACE_OUTER_BOUND('',#315,.T.);
#172=FACE_OUTER_BOUND('',#316,.T.);
#173=FACE_OUTER_BOUND('',#317,.T.);
#174=FACE_OUTER_BOUND('',#318,.T.);
#175=FACE_OUTER_BOUND('',#320,.T.);
#176=FACE_OUTER_BOUND('',#321,.T.);
#177=FACE_OUTER_BOUND('',#323,.T.);
#178=FACE_OUTER_BOUND('',#324,.T.);
#179=FACE_OUTER_BOUND('',#325,.T.);
#180=FACE_OUTER_BOUND('',#326,.T.);
#181=FACE_OUTER_BOUND('',#327,.T.);
#182=FACE_OUTER_BOUND('',#328,.T.);
#183=FACE_OUTER_BOUND('',#329,.T.);
#184=FACE_OUTER_BOUND('',#330,.T.);
#185=FACE_OUTER_BOUND('',#331,.T.);
#186=FACE_OUTER_BOUND('',#332,.T.);
#187=FACE_OUTER_BOUND('',#333,.T.);
#188=FACE_OUTER_BOUND('',#334,.T.);
#189=FACE_OUTER_BOUND('',#335,.T.);
#190=FACE_OUTER_BOUND('',#336,.T.);
#191=FACE_OUTER_BOUND('',#337,.T.);
#192=FACE_OUTER_BOUND('',#338,.T.);
#193=FACE_OUTER_BOUND('',#339,.T.);
#194=FACE_OUTER_BOUND('',#340,.T.);
#195=FACE_OUTER_BOUND('',#341,.T.);
#196=FACE_OUTER_BOUND('',#342,.T.);
#197=FACE_OUTER_BOUND('',#343,.T.);
#198=FACE_OUTER_BOUND('',#345,.T.);
#199=FACE_OUTER_BOUND('',#346,.T.);
#200=FACE_OUTER_BOUND('',#347,.T.);
#201=FACE_OUTER_BOUND('',#348,.T.);
#202=FACE_OUTER_BOUND('',#349,.T.);
#203=FACE_OUTER_BOUND('',#350,.T.);
#204=FACE_OUTER_BOUND('',#351,.T.);
#205=FACE_OUTER_BOUND('',#352,.T.);
#206=EDGE_LOOP('',(#1548,#1549,#1550,#1551,#1552,#1553,#1554,#1555,#1556,
#1557));
#207=EDGE_LOOP('',(#1558,#1559,#1560));
#208=EDGE_LOOP('',(#1561,#1562,#1563,#1564));
#209=EDGE_LOOP('',(#1565,#1566,#1567));
#210=EDGE_LOOP('',(#1568,#1569,#1570,#1571));
#211=EDGE_LOOP('',(#1572,#1573,#1574,#1575));
#212=EDGE_LOOP('',(#1576,#1577,#1578,#1579));
#213=EDGE_LOOP('',(#1580,#1581,#1582,#1583));
#214=EDGE_LOOP('',(#1584,#1585,#1586,#1587));
#215=EDGE_LOOP('',(#1588,#1589,#1590,#1591));
#216=EDGE_LOOP('',(#1592,#1593,#1594,#1595));
#217=EDGE_LOOP('',(#1596,#1597,#1598,#1599));
#218=EDGE_LOOP('',(#1600,#1601,#1602,#1603,#1604,#1605,#1606,#1607,#1608,
#1609));
#219=EDGE_LOOP('',(#1610,#1611,#1612,#1613));
#220=EDGE_LOOP('',(#1614,#1615,#1616,#1617));
#221=EDGE_LOOP('',(#1618,#1619,#1620,#1621));
#222=EDGE_LOOP('',(#1622,#1623,#1624,#1625));
#223=EDGE_LOOP('',(#1626,#1627,#1628,#1629));
#224=EDGE_LOOP('',(#1630,#1631,#1632,#1633));
#225=EDGE_LOOP('',(#1634,#1635,#1636,#1637));
#226=EDGE_LOOP('',(#1638,#1639,#1640,#1641));
#227=EDGE_LOOP('',(#1642,#1643,#1644,#1645));
#228=EDGE_LOOP('',(#1646,#1647,#1648,#1649,#1650,#1651,#1652,#1653,#1654));
#229=EDGE_LOOP('',(#1655));
#230=EDGE_LOOP('',(#1656,#1657,#1658,#1659,#1660,#1661,#1662,#1663,#1664,
#1665,#1666,#1667));
#231=EDGE_LOOP('',(#1668,#1669,#1670,#1671));
#232=EDGE_LOOP('',(#1672,#1673,#1674,#1675));
#233=EDGE_LOOP('',(#1676,#1677,#1678,#1679));
#234=EDGE_LOOP('',(#1680,#1681,#1682,#1683));
#235=EDGE_LOOP('',(#1684,#1685,#1686,#1687));
#236=EDGE_LOOP('',(#1688,#1689,#1690,#1691));
#237=EDGE_LOOP('',(#1692,#1693,#1694,#1695));
#238=EDGE_LOOP('',(#1696,#1697,#1698,#1699,#1700,#1701,#1702,#1703));
#239=EDGE_LOOP('',(#1704,#1705,#1706,#1707));
#240=EDGE_LOOP('',(#1708,#1709,#1710,#1711));
#241=EDGE_LOOP('',(#1712,#1713,#1714,#1715));
#242=EDGE_LOOP('',(#1716,#1717,#1718,#1719,#1720,#1721,#1722,#1723));
#243=EDGE_LOOP('',(#1724,#1725,#1726,#1727));
#244=EDGE_LOOP('',(#1728,#1729,#1730,#1731));
#245=EDGE_LOOP('',(#1732,#1733,#1734,#1735));
#246=EDGE_LOOP('',(#1736,#1737,#1738,#1739,#1740));
#247=EDGE_LOOP('',(#1741,#1742,#1743,#1744));
#248=EDGE_LOOP('',(#1745,#1746,#1747,#1748,#1749));
#249=EDGE_LOOP('',(#1750,#1751,#1752,#1753));
#250=EDGE_LOOP('',(#1754,#1755,#1756,#1757));
#251=EDGE_LOOP('',(#1758,#1759,#1760,#1761));
#252=EDGE_LOOP('',(#1762,#1763,#1764,#1765));
#253=EDGE_LOOP('',(#1766,#1767,#1768,#1769));
#254=EDGE_LOOP('',(#1770,#1771,#1772,#1773));
#255=EDGE_LOOP('',(#1774,#1775,#1776,#1777));
#256=EDGE_LOOP('',(#1778,#1779,#1780,#1781));
#257=EDGE_LOOP('',(#1782,#1783,#1784,#1785,#1786,#1787));
#258=EDGE_LOOP('',(#1788,#1789,#1790,#1791));
#259=EDGE_LOOP('',(#1792,#1793,#1794,#1795));
#260=EDGE_LOOP('',(#1796,#1797,#1798,#1799));
#261=EDGE_LOOP('',(#1800,#1801,#1802,#1803));
#262=EDGE_LOOP('',(#1804));
#263=EDGE_LOOP('',(#1805));
#264=EDGE_LOOP('',(#1806,#1807,#1808,#1809));
#265=EDGE_LOOP('',(#1810,#1811,#1812,#1813));
#266=EDGE_LOOP('',(#1814));
#267=EDGE_LOOP('',(#1815,#1816,#1817,#1818));
#268=EDGE_LOOP('',(#1819,#1820,#1821,#1822));
#269=EDGE_LOOP('',(#1823));
#270=EDGE_LOOP('',(#1824,#1825,#1826,#1827));
#271=EDGE_LOOP('',(#1828,#1829,#1830,#1831,#1832,#1833,#1834,#1835,#1836,
#1837,#1838,#1839));
#272=EDGE_LOOP('',(#1840));
#273=EDGE_LOOP('',(#1841,#1842,#1843,#1844));
#274=EDGE_LOOP('',(#1845,#1846,#1847,#1848));
#275=EDGE_LOOP('',(#1849));
#276=EDGE_LOOP('',(#1850));
#277=EDGE_LOOP('',(#1851,#1852,#1853,#1854));
#278=EDGE_LOOP('',(#1855,#1856,#1857,#1858));
#279=EDGE_LOOP('',(#1859,#1860,#1861,#1862,#1863,#1864));
#280=EDGE_LOOP('',(#1865,#1866,#1867,#1868,#1869));
#281=EDGE_LOOP('',(#1870,#1871,#1872,#1873,#1874));
#282=EDGE_LOOP('',(#1875,#1876,#1877,#1878));
#283=EDGE_LOOP('',(#1879,#1880,#1881,#1882));
#284=EDGE_LOOP('',(#1883,#1884,#1885,#1886,#1887,#1888,#1889,#1890));
#285=EDGE_LOOP('',(#1891,#1892,#1893,#1894,#1895,#1896,#1897,#1898));
#286=EDGE_LOOP('',(#1899,#1900,#1901,#1902));
#287=EDGE_LOOP('',(#1903,#1904,#1905,#1906));
#288=EDGE_LOOP('',(#1907,#1908,#1909,#1910));
#289=EDGE_LOOP('',(#1911,#1912,#1913,#1914));
#290=EDGE_LOOP('',(#1915,#1916,#1917,#1918));
#291=EDGE_LOOP('',(#1919,#1920,#1921,#1922));
#292=EDGE_LOOP('',(#1923,#1924,#1925,#1926));
#293=EDGE_LOOP('',(#1927,#1928,#1929,#1930,#1931,#1932,#1933,#1934,#1935,
#1936,#1937,#1938,#1939,#1940,#1941,#1942,#1943,#1944,#1945,#1946));
#294=EDGE_LOOP('',(#1947,#1948,#1949,#1950,#1951,#1952,#1953,#1954,#1955,
#1956));
#295=EDGE_LOOP('',(#1957));
#296=EDGE_LOOP('',(#1958,#1959,#1960,#1961));
#297=EDGE_LOOP('',(#1962,#1963,#1964,#1965));
#298=EDGE_LOOP('',(#1966,#1967,#1968,#1969,#1970,#1971,#1972,#1973,#1974,
#1975,#1976,#1977,#1978,#1979,#1980,#1981));
#299=EDGE_LOOP('',(#1982,#1983,#1984,#1985));
#300=EDGE_LOOP('',(#1986,#1987,#1988,#1989,#1990,#1991));
#301=EDGE_LOOP('',(#1992,#1993,#1994,#1995));
#302=EDGE_LOOP('',(#1996,#1997,#1998,#1999));
#303=EDGE_LOOP('',(#2000,#2001,#2002,#2003));
#304=EDGE_LOOP('',(#2004,#2005,#2006,#2007));
#305=EDGE_LOOP('',(#2008,#2009,#2010,#2011,#2012,#2013));
#306=EDGE_LOOP('',(#2014,#2015,#2016,#2017));
#307=EDGE_LOOP('',(#2018,#2019,#2020,#2021));
#308=EDGE_LOOP('',(#2022,#2023,#2024,#2025));
#309=EDGE_LOOP('',(#2026,#2027,#2028,#2029));
#310=EDGE_LOOP('',(#2030,#2031,#2032,#2033));
#311=EDGE_LOOP('',(#2034,#2035,#2036,#2037));
#312=EDGE_LOOP('',(#2038,#2039,#2040,#2041));
#313=EDGE_LOOP('',(#2042,#2043,#2044,#2045));
#314=EDGE_LOOP('',(#2046,#2047,#2048,#2049));
#315=EDGE_LOOP('',(#2050,#2051,#2052,#2053));
#316=EDGE_LOOP('',(#2054,#2055,#2056,#2057));
#317=EDGE_LOOP('',(#2058,#2059,#2060,#2061));
#318=EDGE_LOOP('',(#2062,#2063,#2064,#2065,#2066,#2067,#2068,#2069,#2070,
#2071,#2072,#2073));
#319=EDGE_LOOP('',(#2074,#2075,#2076,#2077));
#320=EDGE_LOOP('',(#2078,#2079,#2080,#2081,#2082,#2083,#2084,#2085,#2086,
#2087,#2088,#2089));
#321=EDGE_LOOP('',(#2090,#2091,#2092,#2093,#2094,#2095,#2096,#2097,#2098,
#2099));
#322=EDGE_LOOP('',(#2100,#2101,#2102,#2103,#2104,#2105,#2106,#2107));
#323=EDGE_LOOP('',(#2108,#2109,#2110,#2111));
#324=EDGE_LOOP('',(#2112,#2113,#2114,#2115,#2116,#2117,#2118,#2119,#2120,
#2121));
#325=EDGE_LOOP('',(#2122,#2123,#2124,#2125));
#326=EDGE_LOOP('',(#2126,#2127,#2128,#2129));
#327=EDGE_LOOP('',(#2130,#2131,#2132,#2133));
#328=EDGE_LOOP('',(#2134,#2135,#2136,#2137));
#329=EDGE_LOOP('',(#2138,#2139,#2140,#2141));
#330=EDGE_LOOP('',(#2142,#2143,#2144,#2145));
#331=EDGE_LOOP('',(#2146,#2147,#2148,#2149));
#332=EDGE_LOOP('',(#2150,#2151,#2152,#2153));
#333=EDGE_LOOP('',(#2154,#2155,#2156,#2157));
#334=EDGE_LOOP('',(#2158,#2159,#2160,#2161));
#335=EDGE_LOOP('',(#2162,#2163,#2164,#2165));
#336=EDGE_LOOP('',(#2166,#2167,#2168,#2169));
#337=EDGE_LOOP('',(#2170,#2171,#2172,#2173));
#338=EDGE_LOOP('',(#2174,#2175,#2176,#2177));
#339=EDGE_LOOP('',(#2178,#2179,#2180,#2181));
#340=EDGE_LOOP('',(#2182,#2183,#2184,#2185));
#341=EDGE_LOOP('',(#2186,#2187,#2188,#2189));
#342=EDGE_LOOP('',(#2190,#2191,#2192,#2193));
#343=EDGE_LOOP('',(#2194,#2195,#2196,#2197,#2198,#2199,#2200,#2201));
#344=EDGE_LOOP('',(#2202,#2203,#2204,#2205,#2206,#2207,#2208,#2209));
#345=EDGE_LOOP('',(#2210,#2211,#2212,#2213));
#346=EDGE_LOOP('',(#2214,#2215,#2216,#2217));
#347=EDGE_LOOP('',(#2218,#2219,#2220,#2221));
#348=EDGE_LOOP('',(#2222,#2223,#2224,#2225));
#349=EDGE_LOOP('',(#2226,#2227,#2228,#2229));
#350=EDGE_LOOP('',(#2230,#2231,#2232,#2233));
#351=EDGE_LOOP('',(#2234,#2235,#2236,#2237));
#352=EDGE_LOOP('',(#2238,#2239,#2240,#2241,#2242,#2243,#2244,#2245));
#353=CIRCLE('',#2491,2.);
#354=CIRCLE('',#2492,2.);
#355=CIRCLE('',#2494,2.);
#356=CIRCLE('',#2495,2.);
#357=CIRCLE('',#2496,1.99999999999999);
#358=CIRCLE('',#2499,2.);
#359=CIRCLE('',#2500,2.);
#360=CIRCLE('',#2501,2.);
#361=CIRCLE('',#2520,8.85);
#362=CIRCLE('',#2521,8.85);
#363=CIRCLE('',#2523,8.85);
#364=CIRCLE('',#2524,8.85);
#365=CIRCLE('',#2526,26.35);
#366=CIRCLE('',#2527,26.35);
#367=CIRCLE('',#2528,26.35);
#368=CIRCLE('',#2529,6.85);
#369=CIRCLE('',#2531,26.35);
#370=CIRCLE('',#2532,26.35);
#371=CIRCLE('',#2533,26.35);
#372=CIRCLE('',#2537,6.85);
#373=CIRCLE('',#2539,6.49999999999999);
#374=CIRCLE('',#2540,6.49999999999999);
#375=CIRCLE('',#2569,8.85);
#376=CIRCLE('',#2570,6.85);
#377=CIRCLE('',#2572,8.85);
#378=CIRCLE('',#2574,6.85);
#379=CIRCLE('',#2576,28.35);
#380=CIRCLE('',#2578,28.35);
#381=CIRCLE('',#2580,23.);
#382=CIRCLE('',#2581,23.);
#383=CIRCLE('',#2582,23.);
#384=CIRCLE('',#2583,23.);
#385=CIRCLE('',#2588,25.);
#386=CIRCLE('',#2589,25.);
#387=CIRCLE('',#2592,25.);
#388=CIRCLE('',#2593,25.);
#389=CIRCLE('',#2594,25.);
#390=CIRCLE('',#2596,25.);
#391=CIRCLE('',#2597,25.);
#392=CIRCLE('',#2598,25.);
#393=CIRCLE('',#2601,25.);
#394=CIRCLE('',#2602,25.);
#395=CIRCLE('',#2604,23.);
#396=CIRCLE('',#2605,23.);
#397=CIRCLE('',#2606,23.);
#398=CIRCLE('',#2607,23.);
#399=CIRCLE('',#2621,5.);
#400=CIRCLE('',#2622,5.);
#401=CIRCLE('',#2624,5.);
#402=CIRCLE('',#2627,5.);
#403=CIRCLE('',#2646,7.);
#404=CIRCLE('',#2647,25.);
#405=CIRCLE('',#2648,25.);
#406=CIRCLE('',#2649,25.);
#407=CIRCLE('',#2650,25.);
#408=CIRCLE('',#2651,23.);
#409=CIRCLE('',#2652,23.);
#410=CIRCLE('',#2653,23.);
#411=CIRCLE('',#2654,23.);
#412=CIRCLE('',#2656,7.);
#413=CIRCLE('',#2658,25.);
#414=CIRCLE('',#2659,25.);
#415=CIRCLE('',#2660,25.);
#416=CIRCLE('',#2661,25.);
#417=CIRCLE('',#2665,21.);
#418=CIRCLE('',#2666,21.);
#419=CIRCLE('',#2669,21.);
#420=CIRCLE('',#2670,21.);
#421=CIRCLE('',#2673,21.);
#422=CIRCLE('',#2674,21.);
#423=CIRCLE('',#2677,21.);
#424=CIRCLE('',#2678,21.);
#425=CIRCLE('',#2681,23.);
#426=CIRCLE('',#2684,23.);
#427=CIRCLE('',#2687,23.);
#428=CIRCLE('',#2690,23.);
#429=LINE('',#3400,#700);
#430=LINE('',#3402,#701);
#431=LINE('',#3404,#702);
#432=LINE('',#3408,#703);
#433=LINE('',#3412,#704);
#434=LINE('',#3414,#705);
#435=LINE('',#3416,#706);
#436=LINE('',#3417,#707);
#437=LINE('',#3426,#708);
#438=LINE('',#3427,#709);
#439=LINE('',#3436,#710);
#440=LINE('',#3437,#711);
#441=LINE('',#3442,#712);
#442=LINE('',#3443,#713);
#443=LINE('',#3445,#714);
#444=LINE('',#3446,#715);
#445=LINE('',#3451,#716);
#446=LINE('',#3452,#717);
#447=LINE('',#3455,#718);
#448=LINE('',#3457,#719);
#449=LINE('',#3461,#720);
#450=LINE('',#3463,#721);
#451=LINE('',#3465,#722);
#452=LINE('',#3466,#723);
#453=LINE('',#3467,#724);
#454=LINE('',#3469,#725);
#455=LINE('',#3471,#726);
#456=LINE('',#3472,#727);
#457=LINE('',#3475,#728);
#458=LINE('',#3476,#729);
#459=LINE('',#3479,#730);
#460=LINE('',#3480,#731);
#461=LINE('',#3482,#732);
#462=LINE('',#3488,#733);
#463=LINE('',#3490,#734);
#464=LINE('',#3492,#735);
#465=LINE('',#3493,#736);
#466=LINE('',#3497,#737);
#467=LINE('',#3499,#738);
#468=LINE('',#3501,#739);
#469=LINE('',#3502,#740);
#470=LINE('',#3507,#741);
#471=LINE('',#3513,#742);
#472=LINE('',#3517,#743);
#473=LINE('',#3520,#744);
#474=LINE('',#3528,#745);
#475=LINE('',#3532,#746);
#476=LINE('',#3534,#747);
#477=LINE('',#3537,#748);
#478=LINE('',#3539,#749);
#479=LINE('',#3542,#750);
#480=LINE('',#3549,#751);
#481=LINE('',#3552,#752);
#482=LINE('',#3555,#753);
#483=LINE('',#3557,#754);
#484=LINE('',#3558,#755);
#485=LINE('',#3561,#756);
#486=LINE('',#3562,#757);
#487=LINE('',#3566,#758);
#488=LINE('',#3568,#759);
#489=LINE('',#3570,#760);
#490=LINE('',#3571,#761);
#491=LINE('',#3575,#762);
#492=LINE('',#3576,#763);
#493=LINE('',#3578,#764);
#494=LINE('',#3579,#765);
#495=LINE('',#3580,#766);
#496=LINE('',#3582,#767);
#497=LINE('',#3585,#768);
#498=LINE('',#3586,#769);
#499=LINE('',#3589,#770);
#500=LINE('',#3590,#771);
#501=LINE('',#3593,#772);
#502=LINE('',#3595,#773);
#503=LINE('',#3597,#774);
#504=LINE('',#3599,#775);
#505=LINE('',#3600,#776);
#506=LINE('',#3604,#777);
#507=LINE('',#3606,#778);
#508=LINE('',#3608,#779);
#509=LINE('',#3609,#780);
#510=LINE('',#3612,#781);
#511=LINE('',#3614,#782);
#512=LINE('',#3615,#783);
#513=LINE('',#3618,#784);
#514=LINE('',#3620,#785);
#515=LINE('',#3621,#786);
#516=LINE('',#3624,#787);
#517=LINE('',#3626,#788);
#518=LINE('',#3628,#789);
#519=LINE('',#3629,#790);
#520=LINE('',#3632,#791);
#521=LINE('',#3634,#792);
#522=LINE('',#3635,#793);
#523=LINE('',#3638,#794);
#524=LINE('',#3640,#795);
#525=LINE('',#3642,#796);
#526=LINE('',#3643,#797);
#527=LINE('',#3646,#798);
#528=LINE('',#3648,#799);
#529=LINE('',#3649,#800);
#530=LINE('',#3652,#801);
#531=LINE('',#3654,#802);
#532=LINE('',#3655,#803);
#533=LINE('',#3658,#804);
#534=LINE('',#3660,#805);
#535=LINE('',#3661,#806);
#536=LINE('',#3664,#807);
#537=LINE('',#3666,#808);
#538=LINE('',#3667,#809);
#539=LINE('',#3670,#810);
#540=LINE('',#3672,#811);
#541=LINE('',#3673,#812);
#542=LINE('',#3676,#813);
#543=LINE('',#3678,#814);
#544=LINE('',#3679,#815);
#545=LINE('',#3682,#816);
#546=LINE('',#3684,#817);
#547=LINE('',#3685,#818);
#548=LINE('',#3688,#819);
#549=LINE('',#3690,#820);
#550=LINE('',#3691,#821);
#551=LINE('',#3694,#822);
#552=LINE('',#3695,#823);
#553=LINE('',#3698,#824);
#554=LINE('',#3699,#825);
#555=LINE('',#3701,#826);
#556=LINE('',#3704,#827);
#557=LINE('',#3706,#828);
#558=LINE('',#3707,#829);
#559=LINE('',#3709,#830);
#560=LINE('',#3710,#831);
#561=LINE('',#3718,#832);
#562=LINE('',#3722,#833);
#563=LINE('',#3729,#834);
#564=LINE('',#3732,#835);
#565=LINE('',#3736,#836);
#566=LINE('',#3740,#837);
#567=LINE('',#3744,#838);
#568=LINE('',#3749,#839);
#569=LINE('',#3751,#840);
#570=LINE('',#3753,#841);
#571=LINE('',#3754,#842);
#572=LINE('',#3758,#843);
#573=LINE('',#3760,#844);
#574=LINE('',#3762,#845);
#575=LINE('',#3763,#846);
#576=LINE('',#3769,#847);
#577=LINE('',#3774,#848);
#578=LINE('',#3775,#849);
#579=LINE('',#3776,#850);
#580=LINE('',#3786,#851);
#581=LINE('',#3791,#852);
#582=LINE('',#3792,#853);
#583=LINE('',#3793,#854);
#584=LINE('',#3801,#855);
#585=LINE('',#3805,#856);
#586=LINE('',#3809,#857);
#587=LINE('',#3812,#858);
#588=LINE('',#3814,#859);
#589=LINE('',#3816,#860);
#590=LINE('',#3818,#861);
#591=LINE('',#3820,#862);
#592=LINE('',#3822,#863);
#593=LINE('',#3827,#864);
#594=LINE('',#3828,#865);
#595=LINE('',#3831,#866);
#596=LINE('',#3832,#867);
#597=LINE('',#3834,#868);
#598=LINE('',#3841,#869);
#599=LINE('',#3844,#870);
#600=LINE('',#3847,#871);
#601=LINE('',#3851,#872);
#602=LINE('',#3853,#873);
#603=LINE('',#3854,#874);
#604=LINE('',#3857,#875);
#605=LINE('',#3858,#876);
#606=LINE('',#3862,#877);
#607=LINE('',#3865,#878);
#608=LINE('',#3866,#879);
#609=LINE('',#3869,#880);
#610=LINE('',#3870,#881);
#611=LINE('',#3872,#882);
#612=LINE('',#3876,#883);
#613=LINE('',#3878,#884);
#614=LINE('',#3880,#885);
#615=LINE('',#3881,#886);
#616=LINE('',#3884,#887);
#617=LINE('',#3886,#888);
#618=LINE('',#3887,#889);
#619=LINE('',#3890,#890);
#620=LINE('',#3892,#891);
#621=LINE('',#3893,#892);
#622=LINE('',#3896,#893);
#623=LINE('',#3898,#894);
#624=LINE('',#3899,#895);
#625=LINE('',#3902,#896);
#626=LINE('',#3904,#897);
#627=LINE('',#3905,#898);
#628=LINE('',#3908,#899);
#629=LINE('',#3910,#900);
#630=LINE('',#3911,#901);
#631=LINE('',#3914,#902);
#632=LINE('',#3916,#903);
#633=LINE('',#3917,#904);
#634=LINE('',#3920,#905);
#635=LINE('',#3922,#906);
#636=LINE('',#3923,#907);
#637=LINE('',#3926,#908);
#638=LINE('',#3928,#909);
#639=LINE('',#3929,#910);
#640=LINE('',#3932,#911);
#641=LINE('',#3934,#912);
#642=LINE('',#3935,#913);
#643=LINE('',#3938,#914);
#644=LINE('',#3940,#915);
#645=LINE('',#3941,#916);
#646=LINE('',#3943,#917);
#647=LINE('',#3944,#918);
#648=LINE('',#3952,#919);
#649=LINE('',#3956,#920);
#650=LINE('',#3960,#921);
#651=LINE('',#3964,#922);
#652=LINE('',#3967,#923);
#653=LINE('',#3972,#924);
#654=LINE('',#3976,#925);
#655=LINE('',#3980,#926);
#656=LINE('',#3983,#927);
#657=LINE('',#3986,#928);
#658=LINE('',#3989,#929);
#659=LINE('',#3992,#930);
#660=LINE('',#3996,#931);
#661=LINE('',#4000,#932);
#662=LINE('',#4004,#933);
#663=LINE('',#4007,#934);
#664=LINE('',#4009,#935);
#665=LINE('',#4011,#936);
#666=LINE('',#4017,#937);
#667=LINE('',#4020,#938);
#668=LINE('',#4023,#939);
#669=LINE('',#4025,#940);
#670=LINE('',#4026,#941);
#671=LINE('',#4032,#942);
#672=LINE('',#4035,#943);
#673=LINE('',#4037,#944);
#674=LINE('',#4038,#945);
#675=LINE('',#4044,#946);
#676=LINE('',#4047,#947);
#677=LINE('',#4049,#948);
#678=LINE('',#4050,#949);
#679=LINE('',#4056,#950);
#680=LINE('',#4058,#951);
#681=LINE('',#4059,#952);
#682=LINE('',#4062,#953);
#683=LINE('',#4065,#954);
#684=LINE('',#4068,#955);
#685=LINE('',#4069,#956);
#686=LINE('',#4073,#957);
#687=LINE('',#4076,#958);
#688=LINE('',#4077,#959);
#689=LINE('',#4081,#960);
#690=LINE('',#4084,#961);
#691=LINE('',#4085,#962);
#692=LINE('',#4089,#963);
#693=LINE('',#4091,#964);
#694=LINE('',#4094,#965);
#695=LINE('',#4096,#966);
#696=LINE('',#4098,#967);
#697=LINE('',#4100,#968);
#698=LINE('',#4102,#969);
#699=LINE('',#4104,#970);
#700=VECTOR('',#2705,10.);
#701=VECTOR('',#2706,10.);
#702=VECTOR('',#2707,10.);
#703=VECTOR('',#2710,10.);
#704=VECTOR('',#2713,10.);
#705=VECTOR('',#2714,10.);
#706=VECTOR('',#2715,10.);
#707=VECTOR('',#2716,10.);
#708=VECTOR('',#2727,10.);
#709=VECTOR('',#2728,10.);
#710=VECTOR('',#2739,10.);
#711=VECTOR('',#2740,10.);
#712=VECTOR('',#2745,10.);
#713=VECTOR('',#2746,10.);
#714=VECTOR('',#2749,10.);
#715=VECTOR('',#2750,10.);
#716=VECTOR('',#2755,10.);
#717=VECTOR('',#2756,10.);
#718=VECTOR('',#2761,10.);
#719=VECTOR('',#2764,10.);
#720=VECTOR('',#2767,10.);
#721=VECTOR('',#2768,10.);
#722=VECTOR('',#2769,10.);
#723=VECTOR('',#2770,10.);
#724=VECTOR('',#2771,10.);
#725=VECTOR('',#2772,10.);
#726=VECTOR('',#2773,10.);
#727=VECTOR('',#2774,10.);
#728=VECTOR('',#2777,10.);
#729=VECTOR('',#2778,10.);
#730=VECTOR('',#2781,10.);
#731=VECTOR('',#2782,10.);
#732=VECTOR('',#2785,10.);
#733=VECTOR('',#2792,10.);
#734=VECTOR('',#2793,10.);
#735=VECTOR('',#2794,10.);
#736=VECTOR('',#2795,10.);
#737=VECTOR('',#2798,10.);
#738=VECTOR('',#2799,10.);
#739=VECTOR('',#2800,10.);
#740=VECTOR('',#2801,10.);
#741=VECTOR('',#2806,10.);
#742=VECTOR('',#2813,10.);
#743=VECTOR('',#2818,10.);
#744=VECTOR('',#2821,10.);
#745=VECTOR('',#2830,26.35);
#746=VECTOR('',#2835,10.);
#747=VECTOR('',#2836,10.);
#748=VECTOR('',#2841,10.);
#749=VECTOR('',#2844,10.);
#750=VECTOR('',#2847,6.85);
#751=VECTOR('',#2854,6.5);
#752=VECTOR('',#2857,10.);
#753=VECTOR('',#2860,10.);
#754=VECTOR('',#2861,10.);
#755=VECTOR('',#2862,10.);
#756=VECTOR('',#2865,10.);
#757=VECTOR('',#2866,10.);
#758=VECTOR('',#2869,10.);
#759=VECTOR('',#2870,10.);
#760=VECTOR('',#2871,10.);
#761=VECTOR('',#2872,10.);
#762=VECTOR('',#2875,10.);
#763=VECTOR('',#2876,10.);
#764=VECTOR('',#2877,10.);
#765=VECTOR('',#2878,10.);
#766=VECTOR('',#2879,10.);
#767=VECTOR('',#2882,10.);
#768=VECTOR('',#2885,10.);
#769=VECTOR('',#2886,10.);
#770=VECTOR('',#2889,10.);
#771=VECTOR('',#2890,10.);
#772=VECTOR('',#2893,10.);
#773=VECTOR('',#2894,10.);
#774=VECTOR('',#2895,10.);
#775=VECTOR('',#2896,10.);
#776=VECTOR('',#2897,10.);
#777=VECTOR('',#2900,10.);
#778=VECTOR('',#2901,10.);
#779=VECTOR('',#2902,10.);
#780=VECTOR('',#2903,10.);
#781=VECTOR('',#2906,10.);
#782=VECTOR('',#2907,10.);
#783=VECTOR('',#2908,10.);
#784=VECTOR('',#2911,10.);
#785=VECTOR('',#2912,10.);
#786=VECTOR('',#2913,10.);
#787=VECTOR('',#2916,10.);
#788=VECTOR('',#2917,10.);
#789=VECTOR('',#2918,10.);
#790=VECTOR('',#2919,10.);
#791=VECTOR('',#2922,10.);
#792=VECTOR('',#2923,10.);
#793=VECTOR('',#2924,10.);
#794=VECTOR('',#2927,10.);
#795=VECTOR('',#2928,10.);
#796=VECTOR('',#2929,10.);
#797=VECTOR('',#2930,10.);
#798=VECTOR('',#2933,10.);
#799=VECTOR('',#2934,10.);
#800=VECTOR('',#2935,10.);
#801=VECTOR('',#2938,10.);
#802=VECTOR('',#2939,10.);
#803=VECTOR('',#2940,10.);
#804=VECTOR('',#2943,10.);
#805=VECTOR('',#2944,10.);
#806=VECTOR('',#2945,10.);
#807=VECTOR('',#2948,10.);
#808=VECTOR('',#2949,10.);
#809=VECTOR('',#2950,10.);
#810=VECTOR('',#2953,10.);
#811=VECTOR('',#2954,10.);
#812=VECTOR('',#2955,10.);
#813=VECTOR('',#2958,10.);
#814=VECTOR('',#2959,10.);
#815=VECTOR('',#2960,10.);
#816=VECTOR('',#2963,10.);
#817=VECTOR('',#2964,10.);
#818=VECTOR('',#2965,10.);
#819=VECTOR('',#2968,10.);
#820=VECTOR('',#2969,10.);
#821=VECTOR('',#2970,10.);
#822=VECTOR('',#2973,10.);
#823=VECTOR('',#2974,10.);
#824=VECTOR('',#2977,10.);
#825=VECTOR('',#2978,10.);
#826=VECTOR('',#2981,10.);
#827=VECTOR('',#2984,10.);
#828=VECTOR('',#2985,10.);
#829=VECTOR('',#2986,10.);
#830=VECTOR('',#2989,10.);
#831=VECTOR('',#2990,10.);
#832=VECTOR('',#2999,8.85);
#833=VECTOR('',#3004,6.85);
#834=VECTOR('',#3013,28.35);
#835=VECTOR('',#3018,10.);
#836=VECTOR('',#3021,10.);
#837=VECTOR('',#3024,10.);
#838=VECTOR('',#3027,10.);
#839=VECTOR('',#3032,10.);
#840=VECTOR('',#3033,10.);
#841=VECTOR('',#3034,10.);
#842=VECTOR('',#3035,10.);
#843=VECTOR('',#3038,10.);
#844=VECTOR('',#3039,10.);
#845=VECTOR('',#3040,10.);
#846=VECTOR('',#3041,10.);
#847=VECTOR('',#3048,10.);
#848=VECTOR('',#3053,10.);
#849=VECTOR('',#3054,10.);
#850=VECTOR('',#3055,10.);
#851=VECTOR('',#3070,10.);
#852=VECTOR('',#3075,10.);
#853=VECTOR('',#3076,10.);
#854=VECTOR('',#3077,10.);
#855=VECTOR('',#3088,10.);
#856=VECTOR('',#3091,10.);
#857=VECTOR('',#3094,10.);
#858=VECTOR('',#3099,10.);
#859=VECTOR('',#3102,10.);
#860=VECTOR('',#3105,10.);
#861=VECTOR('',#3108,10.);
#862=VECTOR('',#3111,10.);
#863=VECTOR('',#3114,10.);
#864=VECTOR('',#3121,10.);
#865=VECTOR('',#3122,10.);
#866=VECTOR('',#3125,10.);
#867=VECTOR('',#3126,10.);
#868=VECTOR('',#3129,10.);
#869=VECTOR('',#3136,10.);
#870=VECTOR('',#3139,10.);
#871=VECTOR('',#3142,10.);
#872=VECTOR('',#3145,10.);
#873=VECTOR('',#3146,10.);
#874=VECTOR('',#3147,10.);
#875=VECTOR('',#3150,10.);
#876=VECTOR('',#3151,10.);
#877=VECTOR('',#3156,10.);
#878=VECTOR('',#3159,10.);
#879=VECTOR('',#3160,10.);
#880=VECTOR('',#3163,10.);
#881=VECTOR('',#3164,10.);
#882=VECTOR('',#3167,10.);
#883=VECTOR('',#3170,10.);
#884=VECTOR('',#3171,10.);
#885=VECTOR('',#3172,10.);
#886=VECTOR('',#3173,10.);
#887=VECTOR('',#3176,10.);
#888=VECTOR('',#3177,10.);
#889=VECTOR('',#3178,10.);
#890=VECTOR('',#3181,10.);
#891=VECTOR('',#3182,10.);
#892=VECTOR('',#3183,10.);
#893=VECTOR('',#3186,10.);
#894=VECTOR('',#3187,10.);
#895=VECTOR('',#3188,10.);
#896=VECTOR('',#3191,10.);
#897=VECTOR('',#3192,10.);
#898=VECTOR('',#3193,10.);
#899=VECTOR('',#3196,10.);
#900=VECTOR('',#3197,10.);
#901=VECTOR('',#3198,10.);
#902=VECTOR('',#3201,10.);
#903=VECTOR('',#3202,10.);
#904=VECTOR('',#3203,10.);
#905=VECTOR('',#3206,10.);
#906=VECTOR('',#3207,10.);
#907=VECTOR('',#3208,10.);
#908=VECTOR('',#3211,10.);
#909=VECTOR('',#3212,10.);
#910=VECTOR('',#3213,10.);
#911=VECTOR('',#3216,10.);
#912=VECTOR('',#3217,10.);
#913=VECTOR('',#3218,10.);
#914=VECTOR('',#3221,10.);
#915=VECTOR('',#3222,10.);
#916=VECTOR('',#3223,10.);
#917=VECTOR('',#3226,10.);
#918=VECTOR('',#3227,10.);
#919=VECTOR('',#3236,10.);
#920=VECTOR('',#3239,10.);
#921=VECTOR('',#3242,10.);
#922=VECTOR('',#3245,10.);
#923=VECTOR('',#3248,10.);
#924=VECTOR('',#3251,10.);
#925=VECTOR('',#3254,10.);
#926=VECTOR('',#3257,10.);
#927=VECTOR('',#3260,10.);
#928=VECTOR('',#3263,10.);
#929=VECTOR('',#3266,10.);
#930=VECTOR('',#3269,10.);
#931=VECTOR('',#3272,10.);
#932=VECTOR('',#3275,10.);
#933=VECTOR('',#3278,10.);
#934=VECTOR('',#3281,10.);
#935=VECTOR('',#3284,10.);
#936=VECTOR('',#3287,10.);
#937=VECTOR('',#3292,10.);
#938=VECTOR('',#3295,10.);
#939=VECTOR('',#3298,10.);
#940=VECTOR('',#3299,10.);
#941=VECTOR('',#3300,10.);
#942=VECTOR('',#3307,10.);
#943=VECTOR('',#3310,10.);
#944=VECTOR('',#3311,10.);
#945=VECTOR('',#3312,10.);
#946=VECTOR('',#3319,10.);
#947=VECTOR('',#3322,10.);
#948=VECTOR('',#3323,10.);
#949=VECTOR('',#3324,10.);
#950=VECTOR('',#3331,10.);
#951=VECTOR('',#3334,10.);
#952=VECTOR('',#3335,10.);
#953=VECTOR('',#3338,10.);
#954=VECTOR('',#3341,10.);
#955=VECTOR('',#3344,10.);
#956=VECTOR('',#3345,10.);
#957=VECTOR('',#3350,10.);
#958=VECTOR('',#3353,10.);
#959=VECTOR('',#3354,10.);
#960=VECTOR('',#3359,10.);
#961=VECTOR('',#3362,10.);
#962=VECTOR('',#3363,10.);
#963=VECTOR('',#3368,10.);
#964=VECTOR('',#3371,10.);
#965=VECTOR('',#3376,10.);
#966=VECTOR('',#3379,10.);
#967=VECTOR('',#3382,10.);
#968=VECTOR('',#3385,10.);
#969=VECTOR('',#3388,10.);
#970=VECTOR('',#3391,10.);
#971=VERTEX_POINT('',#3398);
#972=VERTEX_POINT('',#3399);
#973=VERTEX_POINT('',#3401);
#974=VERTEX_POINT('',#3403);
#975=VERTEX_POINT('',#3405);
#976=VERTEX_POINT('',#3407);
#977=VERTEX_POINT('',#3409);
#978=VERTEX_POINT('',#3411);
#979=VERTEX_POINT('',#3413);
#980=VERTEX_POINT('',#3415);
#981=VERTEX_POINT('',#3419);
#982=VERTEX_POINT('',#3420);
#983=VERTEX_POINT('',#3422);
#984=VERTEX_POINT('',#3429);
#985=VERTEX_POINT('',#3430);
#986=VERTEX_POINT('',#3432);
#987=VERTEX_POINT('',#3439);
#988=VERTEX_POINT('',#3440);
#989=VERTEX_POINT('',#3448);
#990=VERTEX_POINT('',#3449);
#991=VERTEX_POINT('',#3459);
#992=VERTEX_POINT('',#3460);
#993=VERTEX_POINT('',#3462);
#994=VERTEX_POINT('',#3464);
#995=VERTEX_POINT('',#3468);
#996=VERTEX_POINT('',#3470);
#997=VERTEX_POINT('',#3474);
#998=VERTEX_POINT('',#3478);
#999=VERTEX_POINT('',#3486);
#1000=VERTEX_POINT('',#3487);
#1001=VERTEX_POINT('',#3489);
#1002=VERTEX_POINT('',#3491);
#1003=VERTEX_POINT('',#3495);
#1004=VERTEX_POINT('',#3496);
#1005=VERTEX_POINT('',#3498);
#1006=VERTEX_POINT('',#3500);
#1007=VERTEX_POINT('',#3504);
#1008=VERTEX_POINT('',#3506);
#1009=VERTEX_POINT('',#3510);
#1010=VERTEX_POINT('',#3512);
#1011=VERTEX_POINT('',#3516);
#1012=VERTEX_POINT('',#3518);
#1013=VERTEX_POINT('',#3521);
#1014=VERTEX_POINT('',#3524);
#1015=VERTEX_POINT('',#3527);
#1016=VERTEX_POINT('',#3530);
#1017=VERTEX_POINT('',#3533);
#1018=VERTEX_POINT('',#3541);
#1019=VERTEX_POINT('',#3545);
#1020=VERTEX_POINT('',#3546);
#1021=VERTEX_POINT('',#3548);
#1022=VERTEX_POINT('',#3550);
#1023=VERTEX_POINT('',#3554);
#1024=VERTEX_POINT('',#3556);
#1025=VERTEX_POINT('',#3560);
#1026=VERTEX_POINT('',#3564);
#1027=VERTEX_POINT('',#3565);
#1028=VERTEX_POINT('',#3567);
#1029=VERTEX_POINT('',#3569);
#1030=VERTEX_POINT('',#3573);
#1031=VERTEX_POINT('',#3574);
#1032=VERTEX_POINT('',#3577);
#1033=VERTEX_POINT('',#3584);
#1034=VERTEX_POINT('',#3588);
#1035=VERTEX_POINT('',#3592);
#1036=VERTEX_POINT('',#3594);
#1037=VERTEX_POINT('',#3596);
#1038=VERTEX_POINT('',#3598);
#1039=VERTEX_POINT('',#3602);
#1040=VERTEX_POINT('',#3603);
#1041=VERTEX_POINT('',#3605);
#1042=VERTEX_POINT('',#3607);
#1043=VERTEX_POINT('',#3611);
#1044=VERTEX_POINT('',#3613);
#1045=VERTEX_POINT('',#3617);
#1046=VERTEX_POINT('',#3619);
#1047=VERTEX_POINT('',#3623);
#1048=VERTEX_POINT('',#3625);
#1049=VERTEX_POINT('',#3627);
#1050=VERTEX_POINT('',#3631);
#1051=VERTEX_POINT('',#3633);
#1052=VERTEX_POINT('',#3637);
#1053=VERTEX_POINT('',#3639);
#1054=VERTEX_POINT('',#3641);
#1055=VERTEX_POINT('',#3645);
#1056=VERTEX_POINT('',#3647);
#1057=VERTEX_POINT('',#3651);
#1058=VERTEX_POINT('',#3653);
#1059=VERTEX_POINT('',#3657);
#1060=VERTEX_POINT('',#3659);
#1061=VERTEX_POINT('',#3663);
#1062=VERTEX_POINT('',#3665);
#1063=VERTEX_POINT('',#3669);
#1064=VERTEX_POINT('',#3671);
#1065=VERTEX_POINT('',#3675);
#1066=VERTEX_POINT('',#3677);
#1067=VERTEX_POINT('',#3681);
#1068=VERTEX_POINT('',#3683);
#1069=VERTEX_POINT('',#3687);
#1070=VERTEX_POINT('',#3689);
#1071=VERTEX_POINT('',#3693);
#1072=VERTEX_POINT('',#3697);
#1073=VERTEX_POINT('',#3703);
#1074=VERTEX_POINT('',#3705);
#1075=VERTEX_POINT('',#3712);
#1076=VERTEX_POINT('',#3714);
#1077=VERTEX_POINT('',#3717);
#1078=VERTEX_POINT('',#3721);
#1079=VERTEX_POINT('',#3725);
#1080=VERTEX_POINT('',#3728);
#1081=VERTEX_POINT('',#3733);
#1082=VERTEX_POINT('',#3735);
#1083=VERTEX_POINT('',#3737);
#1084=VERTEX_POINT('',#3739);
#1085=VERTEX_POINT('',#3741);
#1086=VERTEX_POINT('',#3743);
#1087=VERTEX_POINT('',#3747);
#1088=VERTEX_POINT('',#3748);
#1089=VERTEX_POINT('',#3750);
#1090=VERTEX_POINT('',#3752);
#1091=VERTEX_POINT('',#3756);
#1092=VERTEX_POINT('',#3757);
#1093=VERTEX_POINT('',#3759);
#1094=VERTEX_POINT('',#3761);
#1095=VERTEX_POINT('',#3766);
#1096=VERTEX_POINT('',#3768);
#1097=VERTEX_POINT('',#3772);
#1098=VERTEX_POINT('',#3773);
#1099=VERTEX_POINT('',#3783);
#1100=VERTEX_POINT('',#3785);
#1101=VERTEX_POINT('',#3789);
#1102=VERTEX_POINT('',#3790);
#1103=VERTEX_POINT('',#3798);
#1104=VERTEX_POINT('',#3800);
#1105=VERTEX_POINT('',#3802);
#1106=VERTEX_POINT('',#3804);
#1107=VERTEX_POINT('',#3806);
#1108=VERTEX_POINT('',#3808);
#1109=VERTEX_POINT('',#3826);
#1110=VERTEX_POINT('',#3830);
#1111=VERTEX_POINT('',#3837);
#1112=VERTEX_POINT('',#3838);
#1113=VERTEX_POINT('',#3840);
#1114=VERTEX_POINT('',#3842);
#1115=VERTEX_POINT('',#3846);
#1116=VERTEX_POINT('',#3848);
#1117=VERTEX_POINT('',#3850);
#1118=VERTEX_POINT('',#3852);
#1119=VERTEX_POINT('',#3856);
#1120=VERTEX_POINT('',#3860);
#1121=VERTEX_POINT('',#3864);
#1122=VERTEX_POINT('',#3868);
#1123=VERTEX_POINT('',#3874);
#1124=VERTEX_POINT('',#3875);
#1125=VERTEX_POINT('',#3877);
#1126=VERTEX_POINT('',#3879);
#1127=VERTEX_POINT('',#3883);
#1128=VERTEX_POINT('',#3885);
#1129=VERTEX_POINT('',#3889);
#1130=VERTEX_POINT('',#3891);
#1131=VERTEX_POINT('',#3895);
#1132=VERTEX_POINT('',#3897);
#1133=VERTEX_POINT('',#3901);
#1134=VERTEX_POINT('',#3903);
#1135=VERTEX_POINT('',#3907);
#1136=VERTEX_POINT('',#3909);
#1137=VERTEX_POINT('',#3913);
#1138=VERTEX_POINT('',#3915);
#1139=VERTEX_POINT('',#3919);
#1140=VERTEX_POINT('',#3921);
#1141=VERTEX_POINT('',#3925);
#1142=VERTEX_POINT('',#3927);
#1143=VERTEX_POINT('',#3931);
#1144=VERTEX_POINT('',#3933);
#1145=VERTEX_POINT('',#3937);
#1146=VERTEX_POINT('',#3939);
#1147=VERTEX_POINT('',#3948);
#1148=VERTEX_POINT('',#3949);
#1149=VERTEX_POINT('',#3951);
#1150=VERTEX_POINT('',#3953);
#1151=VERTEX_POINT('',#3955);
#1152=VERTEX_POINT('',#3957);
#1153=VERTEX_POINT('',#3959);
#1154=VERTEX_POINT('',#3961);
#1155=VERTEX_POINT('',#3963);
#1156=VERTEX_POINT('',#3965);
#1157=VERTEX_POINT('',#3968);
#1158=VERTEX_POINT('',#3969);
#1159=VERTEX_POINT('',#3971);
#1160=VERTEX_POINT('',#3973);
#1161=VERTEX_POINT('',#3975);
#1162=VERTEX_POINT('',#3977);
#1163=VERTEX_POINT('',#3979);
#1164=VERTEX_POINT('',#3981);
#1165=VERTEX_POINT('',#3985);
#1166=VERTEX_POINT('',#3987);
#1167=VERTEX_POINT('',#3991);
#1168=VERTEX_POINT('',#3993);
#1169=VERTEX_POINT('',#3995);
#1170=VERTEX_POINT('',#3997);
#1171=VERTEX_POINT('',#3999);
#1172=VERTEX_POINT('',#4001);
#1173=VERTEX_POINT('',#4003);
#1174=VERTEX_POINT('',#4005);
#1175=VERTEX_POINT('',#4013);
#1176=VERTEX_POINT('',#4014);
#1177=VERTEX_POINT('',#4016);
#1178=VERTEX_POINT('',#4018);
#1179=VERTEX_POINT('',#4022);
#1180=VERTEX_POINT('',#4024);
#1181=VERTEX_POINT('',#4028);
#1182=VERTEX_POINT('',#4030);
#1183=VERTEX_POINT('',#4034);
#1184=VERTEX_POINT('',#4036);
#1185=VERTEX_POINT('',#4040);
#1186=VERTEX_POINT('',#4042);
#1187=VERTEX_POINT('',#4046);
#1188=VERTEX_POINT('',#4048);
#1189=VERTEX_POINT('',#4052);
#1190=VERTEX_POINT('',#4054);
#1191=VERTEX_POINT('',#4061);
#1192=VERTEX_POINT('',#4063);
#1193=VERTEX_POINT('',#4067);
#1194=VERTEX_POINT('',#4071);
#1195=VERTEX_POINT('',#4075);
#1196=VERTEX_POINT('',#4079);
#1197=VERTEX_POINT('',#4083);
#1198=VERTEX_POINT('',#4087);
#1199=EDGE_CURVE('',#971,#972,#429,.T.);
#1200=EDGE_CURVE('',#973,#972,#430,.T.);
#1201=EDGE_CURVE('',#973,#974,#431,.T.);
#1202=EDGE_CURVE('',#975,#974,#353,.T.);
#1203=EDGE_CURVE('',#976,#975,#432,.T.);
#1204=EDGE_CURVE('',#977,#976,#354,.T.);
#1205=EDGE_CURVE('',#978,#977,#433,.T.);
#1206=EDGE_CURVE('',#979,#978,#434,.T.);
#1207=EDGE_CURVE('',#979,#980,#435,.T.);
#1208=EDGE_CURVE('',#980,#971,#436,.T.);
#1209=EDGE_CURVE('',#981,#982,#355,.F.);
#1210=EDGE_CURVE('',#983,#981,#356,.F.);
#1211=EDGE_CURVE('',#982,#983,#357,.F.);
#1212=EDGE_CURVE('',#976,#983,#437,.T.);
#1213=EDGE_CURVE('',#981,#977,#438,.T.);
#1214=EDGE_CURVE('',#984,#985,#358,.F.);
#1215=EDGE_CURVE('',#986,#984,#359,.F.);
#1216=EDGE_CURVE('',#985,#986,#360,.F.);
#1217=EDGE_CURVE('',#974,#986,#439,.T.);
#1218=EDGE_CURVE('',#984,#975,#440,.T.);
#1219=EDGE_CURVE('',#987,#988,#33,.F.);
#1220=EDGE_CURVE('',#988,#985,#441,.T.);
#1221=EDGE_CURVE('',#986,#987,#442,.T.);
#1222=EDGE_CURVE('',#985,#982,#443,.T.);
#1223=EDGE_CURVE('',#983,#984,#444,.T.);
#1224=EDGE_CURVE('',#989,#990,#34,.F.);
#1225=EDGE_CURVE('',#990,#981,#445,.T.);
#1226=EDGE_CURVE('',#982,#989,#446,.T.);
#1227=EDGE_CURVE('',#978,#990,#447,.T.);
#1228=EDGE_CURVE('',#989,#988,#448,.T.);
#1229=EDGE_CURVE('',#991,#992,#449,.T.);
#1230=EDGE_CURVE('',#991,#993,#450,.T.);
#1231=EDGE_CURVE('',#994,#993,#451,.T.);
#1232=EDGE_CURVE('',#992,#994,#452,.T.);
#1233=EDGE_CURVE('',#987,#973,#453,.T.);
#1234=EDGE_CURVE('',#995,#972,#454,.T.);
#1235=EDGE_CURVE('',#996,#995,#455,.T.);
#1236=EDGE_CURVE('',#979,#996,#456,.T.);
#1237=EDGE_CURVE('',#971,#997,#457,.T.);
#1238=EDGE_CURVE('',#997,#995,#458,.T.);
#1239=EDGE_CURVE('',#980,#998,#459,.T.);
#1240=EDGE_CURVE('',#998,#997,#460,.T.);
#1241=EDGE_CURVE('',#996,#998,#461,.T.);
#1242=EDGE_CURVE('',#999,#1000,#462,.T.);
#1243=EDGE_CURVE('',#999,#1001,#463,.T.);
#1244=EDGE_CURVE('',#1002,#1001,#464,.T.);
#1245=EDGE_CURVE('',#1000,#1002,#465,.T.);
#1246=EDGE_CURVE('',#1003,#1004,#466,.T.);
#1247=EDGE_CURVE('',#1005,#1003,#467,.T.);
#1248=EDGE_CURVE('',#1006,#1005,#468,.T.);
#1249=EDGE_CURVE('',#1006,#1004,#469,.T.);
#1250=EDGE_CURVE('',#1007,#1000,#361,.T.);
#1251=EDGE_CURVE('',#1007,#1008,#470,.T.);
#1252=EDGE_CURVE('',#999,#1008,#362,.T.);
#1253=EDGE_CURVE('',#1009,#1004,#363,.T.);
#1254=EDGE_CURVE('',#1009,#1010,#471,.T.);
#1255=EDGE_CURVE('',#1003,#1010,#364,.T.);
#1256=EDGE_CURVE('',#1008,#1011,#472,.T.);
#1257=EDGE_CURVE('',#1012,#1011,#365,.T.);
#1258=EDGE_CURVE('',#1012,#1009,#473,.T.);
#1259=EDGE_CURVE('',#1013,#1006,#366,.T.);
#1260=EDGE_CURVE('',#1001,#1013,#367,.T.);
#1261=EDGE_CURVE('',#1014,#1014,#368,.T.);
#1262=EDGE_CURVE('',#1013,#1015,#474,.T.);
#1263=EDGE_CURVE('',#1015,#1015,#369,.T.);
#1264=EDGE_CURVE('',#1016,#1005,#370,.T.);
#1265=EDGE_CURVE('',#1016,#1012,#475,.T.);
#1266=EDGE_CURVE('',#1011,#1017,#476,.T.);
#1267=EDGE_CURVE('',#1002,#1017,#371,.T.);
#1268=EDGE_CURVE('',#1016,#1010,#477,.T.);
#1269=EDGE_CURVE('',#1007,#1017,#478,.T.);
#1270=EDGE_CURVE('',#1014,#1018,#479,.T.);
#1271=EDGE_CURVE('',#1018,#1018,#372,.T.);
#1272=EDGE_CURVE('',#1019,#1020,#373,.T.);
#1273=EDGE_CURVE('',#1020,#1021,#480,.T.);
#1274=EDGE_CURVE('',#1021,#1022,#374,.T.);
#1275=EDGE_CURVE('',#1019,#1022,#481,.T.);
#1276=EDGE_CURVE('',#1023,#1021,#482,.T.);
#1277=EDGE_CURVE('',#1024,#1023,#483,.T.);
#1278=EDGE_CURVE('',#1022,#1024,#484,.T.);
#1279=EDGE_CURVE('',#1020,#1025,#485,.T.);
#1280=EDGE_CURVE('',#1025,#1023,#486,.T.);
#1281=EDGE_CURVE('',#1026,#1027,#487,.T.);
#1282=EDGE_CURVE('',#1028,#1027,#488,.T.);
#1283=EDGE_CURVE('',#1029,#1028,#489,.T.);
#1284=EDGE_CURVE('',#1029,#1026,#490,.F.);
#1285=EDGE_CURVE('',#1030,#1031,#491,.T.);
#1286=EDGE_CURVE('',#1030,#1027,#492,.T.);
#1287=EDGE_CURVE('',#1032,#1026,#493,.T.);
#1288=EDGE_CURVE('',#1024,#1032,#494,.T.);
#1289=EDGE_CURVE('',#1031,#1025,#495,.T.);
#1290=EDGE_CURVE('',#1031,#1019,#496,.T.);
#1291=EDGE_CURVE('',#1033,#1030,#497,.T.);
#1292=EDGE_CURVE('',#1028,#1033,#498,.T.);
#1293=EDGE_CURVE('',#1034,#1029,#499,.T.);
#1294=EDGE_CURVE('',#1034,#1032,#500,.T.);
#1295=EDGE_CURVE('',#1035,#1033,#501,.T.);
#1296=EDGE_CURVE('',#1035,#1036,#502,.T.);
#1297=EDGE_CURVE('',#1037,#1036,#503,.T.);
#1298=EDGE_CURVE('',#1038,#1037,#504,.T.);
#1299=EDGE_CURVE('',#1034,#1038,#505,.T.);
#1300=EDGE_CURVE('',#1039,#1040,#506,.T.);
#1301=EDGE_CURVE('',#1039,#1041,#507,.T.);
#1302=EDGE_CURVE('',#1041,#1042,#508,.T.);
#1303=EDGE_CURVE('',#1040,#1042,#509,.T.);
#1304=EDGE_CURVE('',#1043,#1039,#510,.T.);
#1305=EDGE_CURVE('',#1043,#1044,#511,.T.);
#1306=EDGE_CURVE('',#1044,#1041,#512,.T.);
#1307=EDGE_CURVE('',#1045,#1043,#513,.T.);
#1308=EDGE_CURVE('',#1045,#1046,#514,.T.);
#1309=EDGE_CURVE('',#1046,#1044,#515,.T.);
#1310=EDGE_CURVE('',#1047,#1045,#516,.T.);
#1311=EDGE_CURVE('',#1047,#1048,#517,.T.);
#1312=EDGE_CURVE('',#1049,#1048,#518,.T.);
#1313=EDGE_CURVE('',#1049,#1046,#519,.T.);
#1314=EDGE_CURVE('',#1048,#1050,#520,.T.);
#1315=EDGE_CURVE('',#1051,#1047,#521,.T.);
#1316=EDGE_CURVE('',#1051,#1050,#522,.T.);
#1317=EDGE_CURVE('',#1052,#1051,#523,.T.);
#1318=EDGE_CURVE('',#1052,#1053,#524,.T.);
#1319=EDGE_CURVE('',#1053,#1054,#525,.T.);
#1320=EDGE_CURVE('',#1050,#1054,#526,.T.);
#1321=EDGE_CURVE('',#1055,#1052,#527,.T.);
#1322=EDGE_CURVE('',#1055,#1056,#528,.T.);
#1323=EDGE_CURVE('',#1056,#1053,#529,.T.);
#1324=EDGE_CURVE('',#1057,#1055,#530,.T.);
#1325=EDGE_CURVE('',#1057,#1058,#531,.T.);
#1326=EDGE_CURVE('',#1058,#1056,#532,.T.);
#1327=EDGE_CURVE('',#1059,#1057,#533,.T.);
#1328=EDGE_CURVE('',#1059,#1060,#534,.T.);
#1329=EDGE_CURVE('',#1060,#1058,#535,.T.);
#1330=EDGE_CURVE('',#1061,#1059,#536,.T.);
#1331=EDGE_CURVE('',#1062,#1061,#537,.T.);
#1332=EDGE_CURVE('',#1062,#1060,#538,.T.);
#1333=EDGE_CURVE('',#1040,#1063,#539,.T.);
#1334=EDGE_CURVE('',#1042,#1064,#540,.T.);
#1335=EDGE_CURVE('',#1063,#1064,#541,.T.);
#1336=EDGE_CURVE('',#1065,#1048,#542,.T.);
#1337=EDGE_CURVE('',#1066,#1065,#543,.T.);
#1338=EDGE_CURVE('',#1049,#1066,#544,.T.);
#1339=EDGE_CURVE('',#1067,#1054,#545,.T.);
#1340=EDGE_CURVE('',#1068,#1067,#546,.T.);
#1341=EDGE_CURVE('',#1050,#1068,#547,.T.);
#1342=EDGE_CURVE('',#1069,#1065,#548,.T.);
#1343=EDGE_CURVE('',#1070,#1069,#549,.T.);
#1344=EDGE_CURVE('',#1066,#1070,#550,.T.);
#1345=EDGE_CURVE('',#1068,#1071,#551,.T.);
#1346=EDGE_CURVE('',#1071,#1069,#552,.T.);
#1347=EDGE_CURVE('',#1070,#1072,#553,.T.);
#1348=EDGE_CURVE('',#1072,#1071,#554,.T.);
#1349=EDGE_CURVE('',#1072,#1067,#555,.T.);
#1350=EDGE_CURVE('',#1073,#1061,#556,.T.);
#1351=EDGE_CURVE('',#1074,#1073,#557,.T.);
#1352=EDGE_CURVE('',#1062,#1074,#558,.T.);
#1353=EDGE_CURVE('',#992,#1064,#559,.T.);
#1354=EDGE_CURVE('',#1063,#994,#560,.T.);
#1355=EDGE_CURVE('',#1075,#1075,#375,.T.);
#1356=EDGE_CURVE('',#1076,#1076,#376,.T.);
#1357=EDGE_CURVE('',#1075,#1077,#561,.T.);
#1358=EDGE_CURVE('',#1077,#1077,#377,.T.);
#1359=EDGE_CURVE('',#1076,#1078,#562,.T.);
#1360=EDGE_CURVE('',#1078,#1078,#378,.T.);
#1361=EDGE_CURVE('',#1079,#1079,#379,.T.);
#1362=EDGE_CURVE('',#1079,#1080,#563,.T.);
#1363=EDGE_CURVE('',#1080,#1080,#380,.T.);
#1364=EDGE_CURVE('',#1032,#1030,#564,.T.);
#1365=EDGE_CURVE('',#1038,#1081,#381,.T.);
#1366=EDGE_CURVE('',#1081,#1082,#565,.T.);
#1367=EDGE_CURVE('',#1082,#1083,#382,.T.);
#1368=EDGE_CURVE('',#1083,#1084,#566,.T.);
#1369=EDGE_CURVE('',#1084,#1085,#383,.T.);
#1370=EDGE_CURVE('',#1085,#1086,#567,.T.);
#1371=EDGE_CURVE('',#1086,#1035,#384,.T.);
#1372=EDGE_CURVE('',#1087,#1088,#568,.T.);
#1373=EDGE_CURVE('',#1089,#1087,#569,.T.);
#1374=EDGE_CURVE('',#1090,#1089,#570,.T.);
#1375=EDGE_CURVE('',#1088,#1090,#571,.T.);
#1376=EDGE_CURVE('',#1091,#1092,#572,.T.);
#1377=EDGE_CURVE('',#1093,#1091,#573,.T.);
#1378=EDGE_CURVE('',#1094,#1093,#574,.T.);
#1379=EDGE_CURVE('',#1092,#1094,#575,.T.);
#1380=EDGE_CURVE('',#1093,#1095,#385,.T.);
#1381=EDGE_CURVE('',#1095,#1096,#576,.T.);
#1382=EDGE_CURVE('',#1094,#1096,#386,.T.);
#1383=EDGE_CURVE('',#1097,#1098,#577,.T.);
#1384=EDGE_CURVE('',#1096,#1097,#578,.T.);
#1385=EDGE_CURVE('',#1098,#1095,#579,.T.);
#1386=EDGE_CURVE('',#1098,#992,#387,.T.);
#1387=EDGE_CURVE('',#992,#1090,#388,.T.);
#1388=EDGE_CURVE('',#1097,#1089,#389,.T.);
#1389=EDGE_CURVE('',#1088,#1074,#390,.T.);
#1390=EDGE_CURVE('',#1074,#1099,#391,.T.);
#1391=EDGE_CURVE('',#1099,#1100,#580,.T.);
#1392=EDGE_CURVE('',#1087,#1100,#392,.T.);
#1393=EDGE_CURVE('',#1101,#1102,#581,.T.);
#1394=EDGE_CURVE('',#1100,#1101,#582,.T.);
#1395=EDGE_CURVE('',#1102,#1099,#583,.T.);
#1396=EDGE_CURVE('',#1102,#1091,#393,.T.);
#1397=EDGE_CURVE('',#1101,#1092,#394,.T.);
#1398=EDGE_CURVE('',#1036,#1103,#395,.T.);
#1399=EDGE_CURVE('',#1103,#1104,#584,.T.);
#1400=EDGE_CURVE('',#1104,#1105,#396,.T.);
#1401=EDGE_CURVE('',#1105,#1106,#585,.T.);
#1402=EDGE_CURVE('',#1106,#1107,#397,.T.);
#1403=EDGE_CURVE('',#1107,#1108,#586,.T.);
#1404=EDGE_CURVE('',#1108,#1037,#398,.T.);
#1405=EDGE_CURVE('',#1086,#1103,#587,.T.);
#1406=EDGE_CURVE('',#1085,#1104,#588,.T.);
#1407=EDGE_CURVE('',#1084,#1105,#589,.T.);
#1408=EDGE_CURVE('',#1083,#1106,#590,.T.);
#1409=EDGE_CURVE('',#1082,#1107,#591,.T.);
#1410=EDGE_CURVE('',#1081,#1108,#592,.T.);
#1411=EDGE_CURVE('',#1074,#1109,#593,.T.);
#1412=EDGE_CURVE('',#1109,#991,#594,.T.);
#1413=EDGE_CURVE('',#1109,#1110,#595,.T.);
#1414=EDGE_CURVE('',#993,#1110,#596,.T.);
#1415=EDGE_CURVE('',#1110,#1073,#597,.T.);
#1416=EDGE_CURVE('',#1111,#1112,#399,.T.);
#1417=EDGE_CURVE('',#1112,#1113,#598,.T.);
#1418=EDGE_CURVE('',#1113,#1114,#400,.T.);
#1419=EDGE_CURVE('',#1114,#1111,#599,.T.);
#1420=EDGE_CURVE('',#1115,#1113,#600,.T.);
#1421=EDGE_CURVE('',#1116,#1115,#401,.T.);
#1422=EDGE_CURVE('',#1117,#1116,#601,.T.);
#1423=EDGE_CURVE('',#1118,#1117,#602,.T.);
#1424=EDGE_CURVE('',#1118,#1114,#603,.T.);
#1425=EDGE_CURVE('',#1112,#1119,#604,.T.);
#1426=EDGE_CURVE('',#1115,#1119,#605,.T.);
#1427=EDGE_CURVE('',#1119,#1120,#402,.T.);
#1428=EDGE_CURVE('',#1120,#1116,#606,.T.);
#1429=EDGE_CURVE('',#1121,#1118,#607,.T.);
#1430=EDGE_CURVE('',#1121,#1111,#608,.T.);
#1431=EDGE_CURVE('',#1122,#1120,#609,.T.);
#1432=EDGE_CURVE('',#1117,#1122,#610,.T.);
#1433=EDGE_CURVE('',#1122,#1121,#611,.T.);
#1434=EDGE_CURVE('',#1123,#1124,#612,.T.);
#1435=EDGE_CURVE('',#1124,#1125,#613,.T.);
#1436=EDGE_CURVE('',#1126,#1125,#614,.T.);
#1437=EDGE_CURVE('',#1123,#1126,#615,.T.);
#1438=EDGE_CURVE('',#1127,#1123,#616,.T.);
#1439=EDGE_CURVE('',#1128,#1126,#617,.T.);
#1440=EDGE_CURVE('',#1127,#1128,#618,.T.);
#1441=EDGE_CURVE('',#1129,#1127,#619,.T.);
#1442=EDGE_CURVE('',#1130,#1128,#620,.T.);
#1443=EDGE_CURVE('',#1129,#1130,#621,.T.);
#1444=EDGE_CURVE('',#1131,#1129,#622,.T.);
#1445=EDGE_CURVE('',#1132,#1130,#623,.T.);
#1446=EDGE_CURVE('',#1131,#1132,#624,.T.);
#1447=EDGE_CURVE('',#1133,#1131,#625,.T.);
#1448=EDGE_CURVE('',#1134,#1132,#626,.T.);
#1449=EDGE_CURVE('',#1133,#1134,#627,.T.);
#1450=EDGE_CURVE('',#1135,#1133,#628,.T.);
#1451=EDGE_CURVE('',#1136,#1134,#629,.T.);
#1452=EDGE_CURVE('',#1135,#1136,#630,.T.);
#1453=EDGE_CURVE('',#1137,#1135,#631,.T.);
#1454=EDGE_CURVE('',#1138,#1136,#632,.T.);
#1455=EDGE_CURVE('',#1137,#1138,#633,.T.);
#1456=EDGE_CURVE('',#1139,#1137,#634,.T.);
#1457=EDGE_CURVE('',#1140,#1138,#635,.T.);
#1458=EDGE_CURVE('',#1139,#1140,#636,.T.);
#1459=EDGE_CURVE('',#1141,#1139,#637,.T.);
#1460=EDGE_CURVE('',#1142,#1140,#638,.T.);
#1461=EDGE_CURVE('',#1141,#1142,#639,.T.);
#1462=EDGE_CURVE('',#1143,#1141,#640,.T.);
#1463=EDGE_CURVE('',#1144,#1142,#641,.T.);
#1464=EDGE_CURVE('',#1143,#1144,#642,.T.);
#1465=EDGE_CURVE('',#1145,#1143,#643,.T.);
#1466=EDGE_CURVE('',#1146,#1144,#644,.T.);
#1467=EDGE_CURVE('',#1145,#1146,#645,.T.);
#1468=EDGE_CURVE('',#1145,#1124,#646,.T.);
#1469=EDGE_CURVE('',#1125,#1146,#647,.T.);
#1470=EDGE_CURVE('',#1147,#1148,#403,.T.);
#1471=EDGE_CURVE('',#1149,#1147,#648,.T.);
#1472=EDGE_CURVE('',#1150,#1149,#404,.T.);
#1473=EDGE_CURVE('',#1151,#1150,#649,.T.);
#1474=EDGE_CURVE('',#1152,#1151,#405,.T.);
#1475=EDGE_CURVE('',#1153,#1152,#650,.T.);
#1476=EDGE_CURVE('',#1154,#1153,#406,.T.);
#1477=EDGE_CURVE('',#1155,#1154,#651,.T.);
#1478=EDGE_CURVE('',#1156,#1155,#407,.T.);
#1479=EDGE_CURVE('',#1156,#1148,#652,.T.);
#1480=EDGE_CURVE('',#1157,#1158,#408,.T.);
#1481=EDGE_CURVE('',#1158,#1159,#653,.T.);
#1482=EDGE_CURVE('',#1159,#1160,#409,.T.);
#1483=EDGE_CURVE('',#1160,#1161,#654,.T.);
#1484=EDGE_CURVE('',#1161,#1162,#410,.T.);
#1485=EDGE_CURVE('',#1162,#1163,#655,.T.);
#1486=EDGE_CURVE('',#1163,#1164,#411,.T.);
#1487=EDGE_CURVE('',#1164,#1157,#656,.T.);
#1488=EDGE_CURVE('',#1148,#1165,#657,.T.);
#1489=EDGE_CURVE('',#1165,#1166,#412,.T.);
#1490=EDGE_CURVE('',#1166,#1147,#658,.T.);
#1491=EDGE_CURVE('',#1167,#1165,#659,.T.);
#1492=EDGE_CURVE('',#1167,#1168,#413,.T.);
#1493=EDGE_CURVE('',#1168,#1169,#660,.T.);
#1494=EDGE_CURVE('',#1169,#1170,#414,.T.);
#1495=EDGE_CURVE('',#1170,#1171,#661,.T.);
#1496=EDGE_CURVE('',#1171,#1172,#415,.T.);
#1497=EDGE_CURVE('',#1172,#1173,#662,.T.);
#1498=EDGE_CURVE('',#1173,#1174,#416,.T.);
#1499=EDGE_CURVE('',#1174,#1166,#663,.T.);
#1500=EDGE_CURVE('',#1149,#1174,#664,.T.);
#1501=EDGE_CURVE('',#1156,#1167,#665,.T.);
#1502=EDGE_CURVE('',#1175,#1176,#417,.T.);
#1503=EDGE_CURVE('',#1175,#1177,#666,.T.);
#1504=EDGE_CURVE('',#1178,#1177,#418,.T.);
#1505=EDGE_CURVE('',#1176,#1178,#667,.T.);
#1506=EDGE_CURVE('',#1176,#1179,#668,.T.);
#1507=EDGE_CURVE('',#1180,#1178,#669,.T.);
#1508=EDGE_CURVE('',#1179,#1180,#670,.T.);
#1509=EDGE_CURVE('',#1179,#1181,#419,.T.);
#1510=EDGE_CURVE('',#1182,#1180,#420,.T.);
#1511=EDGE_CURVE('',#1181,#1182,#671,.T.);
#1512=EDGE_CURVE('',#1181,#1183,#672,.T.);
#1513=EDGE_CURVE('',#1184,#1182,#673,.T.);
#1514=EDGE_CURVE('',#1183,#1184,#674,.T.);
#1515=EDGE_CURVE('',#1183,#1185,#421,.T.);
#1516=EDGE_CURVE('',#1186,#1184,#422,.T.);
#1517=EDGE_CURVE('',#1185,#1186,#675,.T.);
#1518=EDGE_CURVE('',#1185,#1187,#676,.T.);
#1519=EDGE_CURVE('',#1188,#1186,#677,.T.);
#1520=EDGE_CURVE('',#1187,#1188,#678,.T.);
#1521=EDGE_CURVE('',#1187,#1189,#423,.T.);
#1522=EDGE_CURVE('',#1190,#1188,#424,.T.);
#1523=EDGE_CURVE('',#1189,#1190,#679,.T.);
#1524=EDGE_CURVE('',#1189,#1175,#680,.T.);
#1525=EDGE_CURVE('',#1177,#1190,#681,.T.);
#1526=EDGE_CURVE('',#1157,#1191,#682,.T.);
#1527=EDGE_CURVE('',#1192,#1191,#425,.T.);
#1528=EDGE_CURVE('',#1158,#1192,#683,.T.);
#1529=EDGE_CURVE('',#1193,#1192,#684,.T.);
#1530=EDGE_CURVE('',#1159,#1193,#685,.T.);
#1531=EDGE_CURVE('',#1194,#1193,#426,.T.);
#1532=EDGE_CURVE('',#1160,#1194,#686,.T.);
#1533=EDGE_CURVE('',#1195,#1194,#687,.T.);
#1534=EDGE_CURVE('',#1161,#1195,#688,.T.);
#1535=EDGE_CURVE('',#1196,#1195,#427,.T.);
#1536=EDGE_CURVE('',#1162,#1196,#689,.T.);
#1537=EDGE_CURVE('',#1197,#1196,#690,.T.);
#1538=EDGE_CURVE('',#1163,#1197,#691,.T.);
#1539=EDGE_CURVE('',#1198,#1197,#428,.T.);
#1540=EDGE_CURVE('',#1164,#1198,#692,.T.);
#1541=EDGE_CURVE('',#1191,#1198,#693,.T.);
#1542=EDGE_CURVE('',#1150,#1173,#694,.T.);
#1543=EDGE_CURVE('',#1151,#1172,#695,.T.);
#1544=EDGE_CURVE('',#1152,#1171,#696,.T.);
#1545=EDGE_CURVE('',#1153,#1170,#697,.T.);
#1546=EDGE_CURVE('',#1154,#1169,#698,.T.);
#1547=EDGE_CURVE('',#1155,#1168,#699,.T.);
#1548=ORIENTED_EDGE('',*,*,#1199,.T.);
#1549=ORIENTED_EDGE('',*,*,#1200,.F.);
#1550=ORIENTED_EDGE('',*,*,#1201,.T.);
#1551=ORIENTED_EDGE('',*,*,#1202,.F.);
#1552=ORIENTED_EDGE('',*,*,#1203,.F.);
#1553=ORIENTED_EDGE('',*,*,#1204,.F.);
#1554=ORIENTED_EDGE('',*,*,#1205,.F.);
#1555=ORIENTED_EDGE('',*,*,#1206,.F.);
#1556=ORIENTED_EDGE('',*,*,#1207,.T.);
#1557=ORIENTED_EDGE('',*,*,#1208,.T.);
#1558=ORIENTED_EDGE('',*,*,#1209,.F.);
#1559=ORIENTED_EDGE('',*,*,#1210,.F.);
#1560=ORIENTED_EDGE('',*,*,#1211,.F.);
#1561=ORIENTED_EDGE('',*,*,#1204,.T.);
#1562=ORIENTED_EDGE('',*,*,#1212,.T.);
#1563=ORIENTED_EDGE('',*,*,#1210,.T.);
#1564=ORIENTED_EDGE('',*,*,#1213,.T.);
#1565=ORIENTED_EDGE('',*,*,#1214,.F.);
#1566=ORIENTED_EDGE('',*,*,#1215,.F.);
#1567=ORIENTED_EDGE('',*,*,#1216,.F.);
#1568=ORIENTED_EDGE('',*,*,#1202,.T.);
#1569=ORIENTED_EDGE('',*,*,#1217,.T.);
#1570=ORIENTED_EDGE('',*,*,#1215,.T.);
#1571=ORIENTED_EDGE('',*,*,#1218,.T.);
#1572=ORIENTED_EDGE('',*,*,#1219,.T.);
#1573=ORIENTED_EDGE('',*,*,#1220,.T.);
#1574=ORIENTED_EDGE('',*,*,#1216,.T.);
#1575=ORIENTED_EDGE('',*,*,#1221,.T.);
#1576=ORIENTED_EDGE('',*,*,#1214,.T.);
#1577=ORIENTED_EDGE('',*,*,#1222,.T.);
#1578=ORIENTED_EDGE('',*,*,#1211,.T.);
#1579=ORIENTED_EDGE('',*,*,#1223,.T.);
#1580=ORIENTED_EDGE('',*,*,#1224,.T.);
#1581=ORIENTED_EDGE('',*,*,#1225,.T.);
#1582=ORIENTED_EDGE('',*,*,#1209,.T.);
#1583=ORIENTED_EDGE('',*,*,#1226,.T.);
#1584=ORIENTED_EDGE('',*,*,#1218,.F.);
#1585=ORIENTED_EDGE('',*,*,#1223,.F.);
#1586=ORIENTED_EDGE('',*,*,#1212,.F.);
#1587=ORIENTED_EDGE('',*,*,#1203,.T.);
#1588=ORIENTED_EDGE('',*,*,#1213,.F.);
#1589=ORIENTED_EDGE('',*,*,#1225,.F.);
#1590=ORIENTED_EDGE('',*,*,#1227,.F.);
#1591=ORIENTED_EDGE('',*,*,#1205,.T.);
#1592=ORIENTED_EDGE('',*,*,#1220,.F.);
#1593=ORIENTED_EDGE('',*,*,#1228,.F.);
#1594=ORIENTED_EDGE('',*,*,#1226,.F.);
#1595=ORIENTED_EDGE('',*,*,#1222,.F.);
#1596=ORIENTED_EDGE('',*,*,#1229,.F.);
#1597=ORIENTED_EDGE('',*,*,#1230,.T.);
#1598=ORIENTED_EDGE('',*,*,#1231,.F.);
#1599=ORIENTED_EDGE('',*,*,#1232,.F.);
#1600=ORIENTED_EDGE('',*,*,#1227,.T.);
#1601=ORIENTED_EDGE('',*,*,#1224,.F.);
#1602=ORIENTED_EDGE('',*,*,#1228,.T.);
#1603=ORIENTED_EDGE('',*,*,#1219,.F.);
#1604=ORIENTED_EDGE('',*,*,#1233,.T.);
#1605=ORIENTED_EDGE('',*,*,#1200,.T.);
#1606=ORIENTED_EDGE('',*,*,#1234,.F.);
#1607=ORIENTED_EDGE('',*,*,#1235,.F.);
#1608=ORIENTED_EDGE('',*,*,#1236,.F.);
#1609=ORIENTED_EDGE('',*,*,#1206,.T.);
#1610=ORIENTED_EDGE('',*,*,#1199,.F.);
#1611=ORIENTED_EDGE('',*,*,#1237,.T.);
#1612=ORIENTED_EDGE('',*,*,#1238,.T.);
#1613=ORIENTED_EDGE('',*,*,#1234,.T.);
#1614=ORIENTED_EDGE('',*,*,#1208,.F.);
#1615=ORIENTED_EDGE('',*,*,#1239,.T.);
#1616=ORIENTED_EDGE('',*,*,#1240,.T.);
#1617=ORIENTED_EDGE('',*,*,#1237,.F.);
#1618=ORIENTED_EDGE('',*,*,#1207,.F.);
#1619=ORIENTED_EDGE('',*,*,#1236,.T.);
#1620=ORIENTED_EDGE('',*,*,#1241,.T.);
#1621=ORIENTED_EDGE('',*,*,#1239,.F.);
#1622=ORIENTED_EDGE('',*,*,#1238,.F.);
#1623=ORIENTED_EDGE('',*,*,#1240,.F.);
#1624=ORIENTED_EDGE('',*,*,#1241,.F.);
#1625=ORIENTED_EDGE('',*,*,#1235,.T.);
#1626=ORIENTED_EDGE('',*,*,#1217,.F.);
#1627=ORIENTED_EDGE('',*,*,#1201,.F.);
#1628=ORIENTED_EDGE('',*,*,#1233,.F.);
#1629=ORIENTED_EDGE('',*,*,#1221,.F.);
#1630=ORIENTED_EDGE('',*,*,#1242,.F.);
#1631=ORIENTED_EDGE('',*,*,#1243,.T.);
#1632=ORIENTED_EDGE('',*,*,#1244,.F.);
#1633=ORIENTED_EDGE('',*,*,#1245,.F.);
#1634=ORIENTED_EDGE('',*,*,#1246,.F.);
#1635=ORIENTED_EDGE('',*,*,#1247,.F.);
#1636=ORIENTED_EDGE('',*,*,#1248,.F.);
#1637=ORIENTED_EDGE('',*,*,#1249,.T.);
#1638=ORIENTED_EDGE('',*,*,#1242,.T.);
#1639=ORIENTED_EDGE('',*,*,#1250,.F.);
#1640=ORIENTED_EDGE('',*,*,#1251,.T.);
#1641=ORIENTED_EDGE('',*,*,#1252,.F.);
#1642=ORIENTED_EDGE('',*,*,#1246,.T.);
#1643=ORIENTED_EDGE('',*,*,#1253,.F.);
#1644=ORIENTED_EDGE('',*,*,#1254,.T.);
#1645=ORIENTED_EDGE('',*,*,#1255,.F.);
#1646=ORIENTED_EDGE('',*,*,#1252,.T.);
#1647=ORIENTED_EDGE('',*,*,#1256,.T.);
#1648=ORIENTED_EDGE('',*,*,#1257,.F.);
#1649=ORIENTED_EDGE('',*,*,#1258,.T.);
#1650=ORIENTED_EDGE('',*,*,#1253,.T.);
#1651=ORIENTED_EDGE('',*,*,#1249,.F.);
#1652=ORIENTED_EDGE('',*,*,#1259,.F.);
#1653=ORIENTED_EDGE('',*,*,#1260,.F.);
#1654=ORIENTED_EDGE('',*,*,#1243,.F.);
#1655=ORIENTED_EDGE('',*,*,#1261,.T.);
#1656=ORIENTED_EDGE('',*,*,#1244,.T.);
#1657=ORIENTED_EDGE('',*,*,#1260,.T.);
#1658=ORIENTED_EDGE('',*,*,#1262,.T.);
#1659=ORIENTED_EDGE('',*,*,#1263,.F.);
#1660=ORIENTED_EDGE('',*,*,#1262,.F.);
#1661=ORIENTED_EDGE('',*,*,#1259,.T.);
#1662=ORIENTED_EDGE('',*,*,#1248,.T.);
#1663=ORIENTED_EDGE('',*,*,#1264,.F.);
#1664=ORIENTED_EDGE('',*,*,#1265,.T.);
#1665=ORIENTED_EDGE('',*,*,#1257,.T.);
#1666=ORIENTED_EDGE('',*,*,#1266,.T.);
#1667=ORIENTED_EDGE('',*,*,#1267,.F.);
#1668=ORIENTED_EDGE('',*,*,#1265,.F.);
#1669=ORIENTED_EDGE('',*,*,#1268,.T.);
#1670=ORIENTED_EDGE('',*,*,#1254,.F.);
#1671=ORIENTED_EDGE('',*,*,#1258,.F.);
#1672=ORIENTED_EDGE('',*,*,#1266,.F.);
#1673=ORIENTED_EDGE('',*,*,#1256,.F.);
#1674=ORIENTED_EDGE('',*,*,#1251,.F.);
#1675=ORIENTED_EDGE('',*,*,#1269,.T.);
#1676=ORIENTED_EDGE('',*,*,#1261,.F.);
#1677=ORIENTED_EDGE('',*,*,#1270,.T.);
#1678=ORIENTED_EDGE('',*,*,#1271,.F.);
#1679=ORIENTED_EDGE('',*,*,#1270,.F.);
#1680=ORIENTED_EDGE('',*,*,#1272,.T.);
#1681=ORIENTED_EDGE('',*,*,#1273,.T.);
#1682=ORIENTED_EDGE('',*,*,#1274,.T.);
#1683=ORIENTED_EDGE('',*,*,#1275,.F.);
#1684=ORIENTED_EDGE('',*,*,#1274,.F.);
#1685=ORIENTED_EDGE('',*,*,#1276,.F.);
#1686=ORIENTED_EDGE('',*,*,#1277,.F.);
#1687=ORIENTED_EDGE('',*,*,#1278,.F.);
#1688=ORIENTED_EDGE('',*,*,#1273,.F.);
#1689=ORIENTED_EDGE('',*,*,#1279,.T.);
#1690=ORIENTED_EDGE('',*,*,#1280,.T.);
#1691=ORIENTED_EDGE('',*,*,#1276,.T.);
#1692=ORIENTED_EDGE('',*,*,#1281,.T.);
#1693=ORIENTED_EDGE('',*,*,#1282,.F.);
#1694=ORIENTED_EDGE('',*,*,#1283,.F.);
#1695=ORIENTED_EDGE('',*,*,#1284,.T.);
#1696=ORIENTED_EDGE('',*,*,#1285,.F.);
#1697=ORIENTED_EDGE('',*,*,#1286,.T.);
#1698=ORIENTED_EDGE('',*,*,#1281,.F.);
#1699=ORIENTED_EDGE('',*,*,#1287,.F.);
#1700=ORIENTED_EDGE('',*,*,#1288,.F.);
#1701=ORIENTED_EDGE('',*,*,#1277,.T.);
#1702=ORIENTED_EDGE('',*,*,#1280,.F.);
#1703=ORIENTED_EDGE('',*,*,#1289,.F.);
#1704=ORIENTED_EDGE('',*,*,#1272,.F.);
#1705=ORIENTED_EDGE('',*,*,#1290,.F.);
#1706=ORIENTED_EDGE('',*,*,#1289,.T.);
#1707=ORIENTED_EDGE('',*,*,#1279,.F.);
#1708=ORIENTED_EDGE('',*,*,#1282,.T.);
#1709=ORIENTED_EDGE('',*,*,#1286,.F.);
#1710=ORIENTED_EDGE('',*,*,#1291,.F.);
#1711=ORIENTED_EDGE('',*,*,#1292,.F.);
#1712=ORIENTED_EDGE('',*,*,#1287,.T.);
#1713=ORIENTED_EDGE('',*,*,#1284,.F.);
#1714=ORIENTED_EDGE('',*,*,#1293,.F.);
#1715=ORIENTED_EDGE('',*,*,#1294,.T.);
#1716=ORIENTED_EDGE('',*,*,#1293,.T.);
#1717=ORIENTED_EDGE('',*,*,#1283,.T.);
#1718=ORIENTED_EDGE('',*,*,#1292,.T.);
#1719=ORIENTED_EDGE('',*,*,#1295,.F.);
#1720=ORIENTED_EDGE('',*,*,#1296,.T.);
#1721=ORIENTED_EDGE('',*,*,#1297,.F.);
#1722=ORIENTED_EDGE('',*,*,#1298,.F.);
#1723=ORIENTED_EDGE('',*,*,#1299,.F.);
#1724=ORIENTED_EDGE('',*,*,#1300,.F.);
#1725=ORIENTED_EDGE('',*,*,#1301,.T.);
#1726=ORIENTED_EDGE('',*,*,#1302,.T.);
#1727=ORIENTED_EDGE('',*,*,#1303,.F.);
#1728=ORIENTED_EDGE('',*,*,#1304,.F.);
#1729=ORIENTED_EDGE('',*,*,#1305,.T.);
#1730=ORIENTED_EDGE('',*,*,#1306,.T.);
#1731=ORIENTED_EDGE('',*,*,#1301,.F.);
#1732=ORIENTED_EDGE('',*,*,#1307,.F.);
#1733=ORIENTED_EDGE('',*,*,#1308,.T.);
#1734=ORIENTED_EDGE('',*,*,#1309,.T.);
#1735=ORIENTED_EDGE('',*,*,#1305,.F.);
#1736=ORIENTED_EDGE('',*,*,#1310,.F.);
#1737=ORIENTED_EDGE('',*,*,#1311,.T.);
#1738=ORIENTED_EDGE('',*,*,#1312,.F.);
#1739=ORIENTED_EDGE('',*,*,#1313,.T.);
#1740=ORIENTED_EDGE('',*,*,#1308,.F.);
#1741=ORIENTED_EDGE('',*,*,#1314,.F.);
#1742=ORIENTED_EDGE('',*,*,#1311,.F.);
#1743=ORIENTED_EDGE('',*,*,#1315,.F.);
#1744=ORIENTED_EDGE('',*,*,#1316,.T.);
#1745=ORIENTED_EDGE('',*,*,#1317,.F.);
#1746=ORIENTED_EDGE('',*,*,#1318,.T.);
#1747=ORIENTED_EDGE('',*,*,#1319,.T.);
#1748=ORIENTED_EDGE('',*,*,#1320,.F.);
#1749=ORIENTED_EDGE('',*,*,#1316,.F.);
#1750=ORIENTED_EDGE('',*,*,#1321,.F.);
#1751=ORIENTED_EDGE('',*,*,#1322,.T.);
#1752=ORIENTED_EDGE('',*,*,#1323,.T.);
#1753=ORIENTED_EDGE('',*,*,#1318,.F.);
#1754=ORIENTED_EDGE('',*,*,#1324,.F.);
#1755=ORIENTED_EDGE('',*,*,#1325,.T.);
#1756=ORIENTED_EDGE('',*,*,#1326,.T.);
#1757=ORIENTED_EDGE('',*,*,#1322,.F.);
#1758=ORIENTED_EDGE('',*,*,#1327,.F.);
#1759=ORIENTED_EDGE('',*,*,#1328,.T.);
#1760=ORIENTED_EDGE('',*,*,#1329,.T.);
#1761=ORIENTED_EDGE('',*,*,#1325,.F.);
#1762=ORIENTED_EDGE('',*,*,#1330,.F.);
#1763=ORIENTED_EDGE('',*,*,#1331,.F.);
#1764=ORIENTED_EDGE('',*,*,#1332,.T.);
#1765=ORIENTED_EDGE('',*,*,#1328,.F.);
#1766=ORIENTED_EDGE('',*,*,#1333,.F.);
#1767=ORIENTED_EDGE('',*,*,#1303,.T.);
#1768=ORIENTED_EDGE('',*,*,#1334,.T.);
#1769=ORIENTED_EDGE('',*,*,#1335,.F.);
#1770=ORIENTED_EDGE('',*,*,#1312,.T.);
#1771=ORIENTED_EDGE('',*,*,#1336,.F.);
#1772=ORIENTED_EDGE('',*,*,#1337,.F.);
#1773=ORIENTED_EDGE('',*,*,#1338,.F.);
#1774=ORIENTED_EDGE('',*,*,#1320,.T.);
#1775=ORIENTED_EDGE('',*,*,#1339,.F.);
#1776=ORIENTED_EDGE('',*,*,#1340,.F.);
#1777=ORIENTED_EDGE('',*,*,#1341,.F.);
#1778=ORIENTED_EDGE('',*,*,#1337,.T.);
#1779=ORIENTED_EDGE('',*,*,#1342,.F.);
#1780=ORIENTED_EDGE('',*,*,#1343,.F.);
#1781=ORIENTED_EDGE('',*,*,#1344,.F.);
#1782=ORIENTED_EDGE('',*,*,#1336,.T.);
#1783=ORIENTED_EDGE('',*,*,#1314,.T.);
#1784=ORIENTED_EDGE('',*,*,#1341,.T.);
#1785=ORIENTED_EDGE('',*,*,#1345,.T.);
#1786=ORIENTED_EDGE('',*,*,#1346,.T.);
#1787=ORIENTED_EDGE('',*,*,#1342,.T.);
#1788=ORIENTED_EDGE('',*,*,#1347,.F.);
#1789=ORIENTED_EDGE('',*,*,#1343,.T.);
#1790=ORIENTED_EDGE('',*,*,#1346,.F.);
#1791=ORIENTED_EDGE('',*,*,#1348,.F.);
#1792=ORIENTED_EDGE('',*,*,#1340,.T.);
#1793=ORIENTED_EDGE('',*,*,#1349,.F.);
#1794=ORIENTED_EDGE('',*,*,#1348,.T.);
#1795=ORIENTED_EDGE('',*,*,#1345,.F.);
#1796=ORIENTED_EDGE('',*,*,#1331,.T.);
#1797=ORIENTED_EDGE('',*,*,#1350,.F.);
#1798=ORIENTED_EDGE('',*,*,#1351,.F.);
#1799=ORIENTED_EDGE('',*,*,#1352,.F.);
#1800=ORIENTED_EDGE('',*,*,#1335,.T.);
#1801=ORIENTED_EDGE('',*,*,#1353,.F.);
#1802=ORIENTED_EDGE('',*,*,#1232,.T.);
#1803=ORIENTED_EDGE('',*,*,#1354,.F.);
#1804=ORIENTED_EDGE('',*,*,#1355,.T.);
#1805=ORIENTED_EDGE('',*,*,#1356,.T.);
#1806=ORIENTED_EDGE('',*,*,#1355,.F.);
#1807=ORIENTED_EDGE('',*,*,#1357,.T.);
#1808=ORIENTED_EDGE('',*,*,#1358,.F.);
#1809=ORIENTED_EDGE('',*,*,#1357,.F.);
#1810=ORIENTED_EDGE('',*,*,#1356,.F.);
#1811=ORIENTED_EDGE('',*,*,#1359,.T.);
#1812=ORIENTED_EDGE('',*,*,#1360,.F.);
#1813=ORIENTED_EDGE('',*,*,#1359,.F.);
#1814=ORIENTED_EDGE('',*,*,#1361,.T.);
#1815=ORIENTED_EDGE('',*,*,#1255,.T.);
#1816=ORIENTED_EDGE('',*,*,#1268,.F.);
#1817=ORIENTED_EDGE('',*,*,#1264,.T.);
#1818=ORIENTED_EDGE('',*,*,#1247,.T.);
#1819=ORIENTED_EDGE('',*,*,#1245,.T.);
#1820=ORIENTED_EDGE('',*,*,#1267,.T.);
#1821=ORIENTED_EDGE('',*,*,#1269,.F.);
#1822=ORIENTED_EDGE('',*,*,#1250,.T.);
#1823=ORIENTED_EDGE('',*,*,#1271,.T.);
#1824=ORIENTED_EDGE('',*,*,#1361,.F.);
#1825=ORIENTED_EDGE('',*,*,#1362,.T.);
#1826=ORIENTED_EDGE('',*,*,#1363,.F.);
#1827=ORIENTED_EDGE('',*,*,#1362,.F.);
#1828=ORIENTED_EDGE('',*,*,#1295,.T.);
#1829=ORIENTED_EDGE('',*,*,#1291,.T.);
#1830=ORIENTED_EDGE('',*,*,#1364,.F.);
#1831=ORIENTED_EDGE('',*,*,#1294,.F.);
#1832=ORIENTED_EDGE('',*,*,#1299,.T.);
#1833=ORIENTED_EDGE('',*,*,#1365,.T.);
#1834=ORIENTED_EDGE('',*,*,#1366,.T.);
#1835=ORIENTED_EDGE('',*,*,#1367,.T.);
#1836=ORIENTED_EDGE('',*,*,#1368,.T.);
#1837=ORIENTED_EDGE('',*,*,#1369,.T.);
#1838=ORIENTED_EDGE('',*,*,#1370,.T.);
#1839=ORIENTED_EDGE('',*,*,#1371,.T.);
#1840=ORIENTED_EDGE('',*,*,#1360,.T.);
#1841=ORIENTED_EDGE('',*,*,#1372,.F.);
#1842=ORIENTED_EDGE('',*,*,#1373,.F.);
#1843=ORIENTED_EDGE('',*,*,#1374,.F.);
#1844=ORIENTED_EDGE('',*,*,#1375,.F.);
#1845=ORIENTED_EDGE('',*,*,#1376,.F.);
#1846=ORIENTED_EDGE('',*,*,#1377,.F.);
#1847=ORIENTED_EDGE('',*,*,#1378,.F.);
#1848=ORIENTED_EDGE('',*,*,#1379,.F.);
#1849=ORIENTED_EDGE('',*,*,#1263,.T.);
#1850=ORIENTED_EDGE('',*,*,#1358,.T.);
#1851=ORIENTED_EDGE('',*,*,#1378,.T.);
#1852=ORIENTED_EDGE('',*,*,#1380,.T.);
#1853=ORIENTED_EDGE('',*,*,#1381,.T.);
#1854=ORIENTED_EDGE('',*,*,#1382,.F.);
#1855=ORIENTED_EDGE('',*,*,#1383,.F.);
#1856=ORIENTED_EDGE('',*,*,#1384,.F.);
#1857=ORIENTED_EDGE('',*,*,#1381,.F.);
#1858=ORIENTED_EDGE('',*,*,#1385,.F.);
#1859=ORIENTED_EDGE('',*,*,#1288,.T.);
#1860=ORIENTED_EDGE('',*,*,#1364,.T.);
#1861=ORIENTED_EDGE('',*,*,#1285,.T.);
#1862=ORIENTED_EDGE('',*,*,#1290,.T.);
#1863=ORIENTED_EDGE('',*,*,#1275,.T.);
#1864=ORIENTED_EDGE('',*,*,#1278,.T.);
#1865=ORIENTED_EDGE('',*,*,#1383,.T.);
#1866=ORIENTED_EDGE('',*,*,#1386,.T.);
#1867=ORIENTED_EDGE('',*,*,#1387,.T.);
#1868=ORIENTED_EDGE('',*,*,#1374,.T.);
#1869=ORIENTED_EDGE('',*,*,#1388,.F.);
#1870=ORIENTED_EDGE('',*,*,#1372,.T.);
#1871=ORIENTED_EDGE('',*,*,#1389,.T.);
#1872=ORIENTED_EDGE('',*,*,#1390,.T.);
#1873=ORIENTED_EDGE('',*,*,#1391,.T.);
#1874=ORIENTED_EDGE('',*,*,#1392,.F.);
#1875=ORIENTED_EDGE('',*,*,#1393,.F.);
#1876=ORIENTED_EDGE('',*,*,#1394,.F.);
#1877=ORIENTED_EDGE('',*,*,#1391,.F.);
#1878=ORIENTED_EDGE('',*,*,#1395,.F.);
#1879=ORIENTED_EDGE('',*,*,#1393,.T.);
#1880=ORIENTED_EDGE('',*,*,#1396,.T.);
#1881=ORIENTED_EDGE('',*,*,#1376,.T.);
#1882=ORIENTED_EDGE('',*,*,#1397,.F.);
#1883=ORIENTED_EDGE('',*,*,#1394,.T.);
#1884=ORIENTED_EDGE('',*,*,#1397,.T.);
#1885=ORIENTED_EDGE('',*,*,#1379,.T.);
#1886=ORIENTED_EDGE('',*,*,#1382,.T.);
#1887=ORIENTED_EDGE('',*,*,#1384,.T.);
#1888=ORIENTED_EDGE('',*,*,#1388,.T.);
#1889=ORIENTED_EDGE('',*,*,#1373,.T.);
#1890=ORIENTED_EDGE('',*,*,#1392,.T.);
#1891=ORIENTED_EDGE('',*,*,#1398,.T.);
#1892=ORIENTED_EDGE('',*,*,#1399,.T.);
#1893=ORIENTED_EDGE('',*,*,#1400,.T.);
#1894=ORIENTED_EDGE('',*,*,#1401,.T.);
#1895=ORIENTED_EDGE('',*,*,#1402,.T.);
#1896=ORIENTED_EDGE('',*,*,#1403,.T.);
#1897=ORIENTED_EDGE('',*,*,#1404,.T.);
#1898=ORIENTED_EDGE('',*,*,#1297,.T.);
#1899=ORIENTED_EDGE('',*,*,#1371,.F.);
#1900=ORIENTED_EDGE('',*,*,#1405,.T.);
#1901=ORIENTED_EDGE('',*,*,#1398,.F.);
#1902=ORIENTED_EDGE('',*,*,#1296,.F.);
#1903=ORIENTED_EDGE('',*,*,#1370,.F.);
#1904=ORIENTED_EDGE('',*,*,#1406,.T.);
#1905=ORIENTED_EDGE('',*,*,#1399,.F.);
#1906=ORIENTED_EDGE('',*,*,#1405,.F.);
#1907=ORIENTED_EDGE('',*,*,#1369,.F.);
#1908=ORIENTED_EDGE('',*,*,#1407,.T.);
#1909=ORIENTED_EDGE('',*,*,#1400,.F.);
#1910=ORIENTED_EDGE('',*,*,#1406,.F.);
#1911=ORIENTED_EDGE('',*,*,#1368,.F.);
#1912=ORIENTED_EDGE('',*,*,#1408,.T.);
#1913=ORIENTED_EDGE('',*,*,#1401,.F.);
#1914=ORIENTED_EDGE('',*,*,#1407,.F.);
#1915=ORIENTED_EDGE('',*,*,#1367,.F.);
#1916=ORIENTED_EDGE('',*,*,#1409,.T.);
#1917=ORIENTED_EDGE('',*,*,#1402,.F.);
#1918=ORIENTED_EDGE('',*,*,#1408,.F.);
#1919=ORIENTED_EDGE('',*,*,#1366,.F.);
#1920=ORIENTED_EDGE('',*,*,#1410,.T.);
#1921=ORIENTED_EDGE('',*,*,#1403,.F.);
#1922=ORIENTED_EDGE('',*,*,#1409,.F.);
#1923=ORIENTED_EDGE('',*,*,#1365,.F.);
#1924=ORIENTED_EDGE('',*,*,#1298,.T.);
#1925=ORIENTED_EDGE('',*,*,#1404,.F.);
#1926=ORIENTED_EDGE('',*,*,#1410,.F.);
#1927=ORIENTED_EDGE('',*,*,#1353,.T.);
#1928=ORIENTED_EDGE('',*,*,#1334,.F.);
#1929=ORIENTED_EDGE('',*,*,#1302,.F.);
#1930=ORIENTED_EDGE('',*,*,#1306,.F.);
#1931=ORIENTED_EDGE('',*,*,#1309,.F.);
#1932=ORIENTED_EDGE('',*,*,#1313,.F.);
#1933=ORIENTED_EDGE('',*,*,#1338,.T.);
#1934=ORIENTED_EDGE('',*,*,#1344,.T.);
#1935=ORIENTED_EDGE('',*,*,#1347,.T.);
#1936=ORIENTED_EDGE('',*,*,#1349,.T.);
#1937=ORIENTED_EDGE('',*,*,#1339,.T.);
#1938=ORIENTED_EDGE('',*,*,#1319,.F.);
#1939=ORIENTED_EDGE('',*,*,#1323,.F.);
#1940=ORIENTED_EDGE('',*,*,#1326,.F.);
#1941=ORIENTED_EDGE('',*,*,#1329,.F.);
#1942=ORIENTED_EDGE('',*,*,#1332,.F.);
#1943=ORIENTED_EDGE('',*,*,#1352,.T.);
#1944=ORIENTED_EDGE('',*,*,#1389,.F.);
#1945=ORIENTED_EDGE('',*,*,#1375,.T.);
#1946=ORIENTED_EDGE('',*,*,#1387,.F.);
#1947=ORIENTED_EDGE('',*,*,#1229,.T.);
#1948=ORIENTED_EDGE('',*,*,#1386,.F.);
#1949=ORIENTED_EDGE('',*,*,#1385,.T.);
#1950=ORIENTED_EDGE('',*,*,#1380,.F.);
#1951=ORIENTED_EDGE('',*,*,#1377,.T.);
#1952=ORIENTED_EDGE('',*,*,#1396,.F.);
#1953=ORIENTED_EDGE('',*,*,#1395,.T.);
#1954=ORIENTED_EDGE('',*,*,#1390,.F.);
#1955=ORIENTED_EDGE('',*,*,#1411,.T.);
#1956=ORIENTED_EDGE('',*,*,#1412,.T.);
#1957=ORIENTED_EDGE('',*,*,#1363,.T.);
#1958=ORIENTED_EDGE('',*,*,#1412,.F.);
#1959=ORIENTED_EDGE('',*,*,#1413,.T.);
#1960=ORIENTED_EDGE('',*,*,#1414,.F.);
#1961=ORIENTED_EDGE('',*,*,#1230,.F.);
#1962=ORIENTED_EDGE('',*,*,#1411,.F.);
#1963=ORIENTED_EDGE('',*,*,#1351,.T.);
#1964=ORIENTED_EDGE('',*,*,#1415,.F.);
#1965=ORIENTED_EDGE('',*,*,#1413,.F.);
#1966=ORIENTED_EDGE('',*,*,#1333,.T.);
#1967=ORIENTED_EDGE('',*,*,#1354,.T.);
#1968=ORIENTED_EDGE('',*,*,#1231,.T.);
#1969=ORIENTED_EDGE('',*,*,#1414,.T.);
#1970=ORIENTED_EDGE('',*,*,#1415,.T.);
#1971=ORIENTED_EDGE('',*,*,#1350,.T.);
#1972=ORIENTED_EDGE('',*,*,#1330,.T.);
#1973=ORIENTED_EDGE('',*,*,#1327,.T.);
#1974=ORIENTED_EDGE('',*,*,#1324,.T.);
#1975=ORIENTED_EDGE('',*,*,#1321,.T.);
#1976=ORIENTED_EDGE('',*,*,#1317,.T.);
#1977=ORIENTED_EDGE('',*,*,#1315,.T.);
#1978=ORIENTED_EDGE('',*,*,#1310,.T.);
#1979=ORIENTED_EDGE('',*,*,#1307,.T.);
#1980=ORIENTED_EDGE('',*,*,#1304,.T.);
#1981=ORIENTED_EDGE('',*,*,#1300,.T.);
#1982=ORIENTED_EDGE('',*,*,#1416,.T.);
#1983=ORIENTED_EDGE('',*,*,#1417,.T.);
#1984=ORIENTED_EDGE('',*,*,#1418,.T.);
#1985=ORIENTED_EDGE('',*,*,#1419,.T.);
#1986=ORIENTED_EDGE('',*,*,#1418,.F.);
#1987=ORIENTED_EDGE('',*,*,#1420,.F.);
#1988=ORIENTED_EDGE('',*,*,#1421,.F.);
#1989=ORIENTED_EDGE('',*,*,#1422,.F.);
#1990=ORIENTED_EDGE('',*,*,#1423,.F.);
#1991=ORIENTED_EDGE('',*,*,#1424,.T.);
#1992=ORIENTED_EDGE('',*,*,#1417,.F.);
#1993=ORIENTED_EDGE('',*,*,#1425,.T.);
#1994=ORIENTED_EDGE('',*,*,#1426,.F.);
#1995=ORIENTED_EDGE('',*,*,#1420,.T.);
#1996=ORIENTED_EDGE('',*,*,#1421,.T.);
#1997=ORIENTED_EDGE('',*,*,#1426,.T.);
#1998=ORIENTED_EDGE('',*,*,#1427,.T.);
#1999=ORIENTED_EDGE('',*,*,#1428,.T.);
#2000=ORIENTED_EDGE('',*,*,#1419,.F.);
#2001=ORIENTED_EDGE('',*,*,#1424,.F.);
#2002=ORIENTED_EDGE('',*,*,#1429,.F.);
#2003=ORIENTED_EDGE('',*,*,#1430,.T.);
#2004=ORIENTED_EDGE('',*,*,#1428,.F.);
#2005=ORIENTED_EDGE('',*,*,#1431,.F.);
#2006=ORIENTED_EDGE('',*,*,#1432,.F.);
#2007=ORIENTED_EDGE('',*,*,#1422,.T.);
#2008=ORIENTED_EDGE('',*,*,#1416,.F.);
#2009=ORIENTED_EDGE('',*,*,#1430,.F.);
#2010=ORIENTED_EDGE('',*,*,#1433,.F.);
#2011=ORIENTED_EDGE('',*,*,#1431,.T.);
#2012=ORIENTED_EDGE('',*,*,#1427,.F.);
#2013=ORIENTED_EDGE('',*,*,#1425,.F.);
#2014=ORIENTED_EDGE('',*,*,#1434,.T.);
#2015=ORIENTED_EDGE('',*,*,#1435,.T.);
#2016=ORIENTED_EDGE('',*,*,#1436,.F.);
#2017=ORIENTED_EDGE('',*,*,#1437,.F.);
#2018=ORIENTED_EDGE('',*,*,#1438,.T.);
#2019=ORIENTED_EDGE('',*,*,#1437,.T.);
#2020=ORIENTED_EDGE('',*,*,#1439,.F.);
#2021=ORIENTED_EDGE('',*,*,#1440,.F.);
#2022=ORIENTED_EDGE('',*,*,#1441,.T.);
#2023=ORIENTED_EDGE('',*,*,#1440,.T.);
#2024=ORIENTED_EDGE('',*,*,#1442,.F.);
#2025=ORIENTED_EDGE('',*,*,#1443,.F.);
#2026=ORIENTED_EDGE('',*,*,#1444,.T.);
#2027=ORIENTED_EDGE('',*,*,#1443,.T.);
#2028=ORIENTED_EDGE('',*,*,#1445,.F.);
#2029=ORIENTED_EDGE('',*,*,#1446,.F.);
#2030=ORIENTED_EDGE('',*,*,#1447,.T.);
#2031=ORIENTED_EDGE('',*,*,#1446,.T.);
#2032=ORIENTED_EDGE('',*,*,#1448,.F.);
#2033=ORIENTED_EDGE('',*,*,#1449,.F.);
#2034=ORIENTED_EDGE('',*,*,#1450,.T.);
#2035=ORIENTED_EDGE('',*,*,#1449,.T.);
#2036=ORIENTED_EDGE('',*,*,#1451,.F.);
#2037=ORIENTED_EDGE('',*,*,#1452,.F.);
#2038=ORIENTED_EDGE('',*,*,#1453,.T.);
#2039=ORIENTED_EDGE('',*,*,#1452,.T.);
#2040=ORIENTED_EDGE('',*,*,#1454,.F.);
#2041=ORIENTED_EDGE('',*,*,#1455,.F.);
#2042=ORIENTED_EDGE('',*,*,#1456,.T.);
#2043=ORIENTED_EDGE('',*,*,#1455,.T.);
#2044=ORIENTED_EDGE('',*,*,#1457,.F.);
#2045=ORIENTED_EDGE('',*,*,#1458,.F.);
#2046=ORIENTED_EDGE('',*,*,#1459,.T.);
#2047=ORIENTED_EDGE('',*,*,#1458,.T.);
#2048=ORIENTED_EDGE('',*,*,#1460,.F.);
#2049=ORIENTED_EDGE('',*,*,#1461,.F.);
#2050=ORIENTED_EDGE('',*,*,#1462,.T.);
#2051=ORIENTED_EDGE('',*,*,#1461,.T.);
#2052=ORIENTED_EDGE('',*,*,#1463,.F.);
#2053=ORIENTED_EDGE('',*,*,#1464,.F.);
#2054=ORIENTED_EDGE('',*,*,#1465,.T.);
#2055=ORIENTED_EDGE('',*,*,#1464,.T.);
#2056=ORIENTED_EDGE('',*,*,#1466,.F.);
#2057=ORIENTED_EDGE('',*,*,#1467,.F.);
#2058=ORIENTED_EDGE('',*,*,#1468,.F.);
#2059=ORIENTED_EDGE('',*,*,#1467,.T.);
#2060=ORIENTED_EDGE('',*,*,#1469,.F.);
#2061=ORIENTED_EDGE('',*,*,#1435,.F.);
#2062=ORIENTED_EDGE('',*,*,#1468,.T.);
#2063=ORIENTED_EDGE('',*,*,#1434,.F.);
#2064=ORIENTED_EDGE('',*,*,#1438,.F.);
#2065=ORIENTED_EDGE('',*,*,#1441,.F.);
#2066=ORIENTED_EDGE('',*,*,#1444,.F.);
#2067=ORIENTED_EDGE('',*,*,#1447,.F.);
#2068=ORIENTED_EDGE('',*,*,#1450,.F.);
#2069=ORIENTED_EDGE('',*,*,#1453,.F.);
#2070=ORIENTED_EDGE('',*,*,#1456,.F.);
#2071=ORIENTED_EDGE('',*,*,#1459,.F.);
#2072=ORIENTED_EDGE('',*,*,#1462,.F.);
#2073=ORIENTED_EDGE('',*,*,#1465,.F.);
#2074=ORIENTED_EDGE('',*,*,#1429,.T.);
#2075=ORIENTED_EDGE('',*,*,#1423,.T.);
#2076=ORIENTED_EDGE('',*,*,#1432,.T.);
#2077=ORIENTED_EDGE('',*,*,#1433,.T.);
#2078=ORIENTED_EDGE('',*,*,#1469,.T.);
#2079=ORIENTED_EDGE('',*,*,#1466,.T.);
#2080=ORIENTED_EDGE('',*,*,#1463,.T.);
#2081=ORIENTED_EDGE('',*,*,#1460,.T.);
#2082=ORIENTED_EDGE('',*,*,#1457,.T.);
#2083=ORIENTED_EDGE('',*,*,#1454,.T.);
#2084=ORIENTED_EDGE('',*,*,#1451,.T.);
#2085=ORIENTED_EDGE('',*,*,#1448,.T.);
#2086=ORIENTED_EDGE('',*,*,#1445,.T.);
#2087=ORIENTED_EDGE('',*,*,#1442,.T.);
#2088=ORIENTED_EDGE('',*,*,#1439,.T.);
#2089=ORIENTED_EDGE('',*,*,#1436,.T.);
#2090=ORIENTED_EDGE('',*,*,#1470,.F.);
#2091=ORIENTED_EDGE('',*,*,#1471,.F.);
#2092=ORIENTED_EDGE('',*,*,#1472,.F.);
#2093=ORIENTED_EDGE('',*,*,#1473,.F.);
#2094=ORIENTED_EDGE('',*,*,#1474,.F.);
#2095=ORIENTED_EDGE('',*,*,#1475,.F.);
#2096=ORIENTED_EDGE('',*,*,#1476,.F.);
#2097=ORIENTED_EDGE('',*,*,#1477,.F.);
#2098=ORIENTED_EDGE('',*,*,#1478,.F.);
#2099=ORIENTED_EDGE('',*,*,#1479,.T.);
#2100=ORIENTED_EDGE('',*,*,#1480,.T.);
#2101=ORIENTED_EDGE('',*,*,#1481,.T.);
#2102=ORIENTED_EDGE('',*,*,#1482,.T.);
#2103=ORIENTED_EDGE('',*,*,#1483,.T.);
#2104=ORIENTED_EDGE('',*,*,#1484,.T.);
#2105=ORIENTED_EDGE('',*,*,#1485,.T.);
#2106=ORIENTED_EDGE('',*,*,#1486,.T.);
#2107=ORIENTED_EDGE('',*,*,#1487,.T.);
#2108=ORIENTED_EDGE('',*,*,#1470,.T.);
#2109=ORIENTED_EDGE('',*,*,#1488,.T.);
#2110=ORIENTED_EDGE('',*,*,#1489,.T.);
#2111=ORIENTED_EDGE('',*,*,#1490,.T.);
#2112=ORIENTED_EDGE('',*,*,#1489,.F.);
#2113=ORIENTED_EDGE('',*,*,#1491,.F.);
#2114=ORIENTED_EDGE('',*,*,#1492,.T.);
#2115=ORIENTED_EDGE('',*,*,#1493,.T.);
#2116=ORIENTED_EDGE('',*,*,#1494,.T.);
#2117=ORIENTED_EDGE('',*,*,#1495,.T.);
#2118=ORIENTED_EDGE('',*,*,#1496,.T.);
#2119=ORIENTED_EDGE('',*,*,#1497,.T.);
#2120=ORIENTED_EDGE('',*,*,#1498,.T.);
#2121=ORIENTED_EDGE('',*,*,#1499,.T.);
#2122=ORIENTED_EDGE('',*,*,#1490,.F.);
#2123=ORIENTED_EDGE('',*,*,#1499,.F.);
#2124=ORIENTED_EDGE('',*,*,#1500,.F.);
#2125=ORIENTED_EDGE('',*,*,#1471,.T.);
#2126=ORIENTED_EDGE('',*,*,#1488,.F.);
#2127=ORIENTED_EDGE('',*,*,#1479,.F.);
#2128=ORIENTED_EDGE('',*,*,#1501,.T.);
#2129=ORIENTED_EDGE('',*,*,#1491,.T.);
#2130=ORIENTED_EDGE('',*,*,#1502,.F.);
#2131=ORIENTED_EDGE('',*,*,#1503,.T.);
#2132=ORIENTED_EDGE('',*,*,#1504,.F.);
#2133=ORIENTED_EDGE('',*,*,#1505,.F.);
#2134=ORIENTED_EDGE('',*,*,#1506,.F.);
#2135=ORIENTED_EDGE('',*,*,#1505,.T.);
#2136=ORIENTED_EDGE('',*,*,#1507,.F.);
#2137=ORIENTED_EDGE('',*,*,#1508,.F.);
#2138=ORIENTED_EDGE('',*,*,#1509,.F.);
#2139=ORIENTED_EDGE('',*,*,#1508,.T.);
#2140=ORIENTED_EDGE('',*,*,#1510,.F.);
#2141=ORIENTED_EDGE('',*,*,#1511,.F.);
#2142=ORIENTED_EDGE('',*,*,#1512,.F.);
#2143=ORIENTED_EDGE('',*,*,#1511,.T.);
#2144=ORIENTED_EDGE('',*,*,#1513,.F.);
#2145=ORIENTED_EDGE('',*,*,#1514,.F.);
#2146=ORIENTED_EDGE('',*,*,#1515,.F.);
#2147=ORIENTED_EDGE('',*,*,#1514,.T.);
#2148=ORIENTED_EDGE('',*,*,#1516,.F.);
#2149=ORIENTED_EDGE('',*,*,#1517,.F.);
#2150=ORIENTED_EDGE('',*,*,#1518,.F.);
#2151=ORIENTED_EDGE('',*,*,#1517,.T.);
#2152=ORIENTED_EDGE('',*,*,#1519,.F.);
#2153=ORIENTED_EDGE('',*,*,#1520,.F.);
#2154=ORIENTED_EDGE('',*,*,#1521,.F.);
#2155=ORIENTED_EDGE('',*,*,#1520,.T.);
#2156=ORIENTED_EDGE('',*,*,#1522,.F.);
#2157=ORIENTED_EDGE('',*,*,#1523,.F.);
#2158=ORIENTED_EDGE('',*,*,#1524,.F.);
#2159=ORIENTED_EDGE('',*,*,#1523,.T.);
#2160=ORIENTED_EDGE('',*,*,#1525,.F.);
#2161=ORIENTED_EDGE('',*,*,#1503,.F.);
#2162=ORIENTED_EDGE('',*,*,#1480,.F.);
#2163=ORIENTED_EDGE('',*,*,#1526,.T.);
#2164=ORIENTED_EDGE('',*,*,#1527,.F.);
#2165=ORIENTED_EDGE('',*,*,#1528,.F.);
#2166=ORIENTED_EDGE('',*,*,#1481,.F.);
#2167=ORIENTED_EDGE('',*,*,#1528,.T.);
#2168=ORIENTED_EDGE('',*,*,#1529,.F.);
#2169=ORIENTED_EDGE('',*,*,#1530,.F.);
#2170=ORIENTED_EDGE('',*,*,#1482,.F.);
#2171=ORIENTED_EDGE('',*,*,#1530,.T.);
#2172=ORIENTED_EDGE('',*,*,#1531,.F.);
#2173=ORIENTED_EDGE('',*,*,#1532,.F.);
#2174=ORIENTED_EDGE('',*,*,#1483,.F.);
#2175=ORIENTED_EDGE('',*,*,#1532,.T.);
#2176=ORIENTED_EDGE('',*,*,#1533,.F.);
#2177=ORIENTED_EDGE('',*,*,#1534,.F.);
#2178=ORIENTED_EDGE('',*,*,#1484,.F.);
#2179=ORIENTED_EDGE('',*,*,#1534,.T.);
#2180=ORIENTED_EDGE('',*,*,#1535,.F.);
#2181=ORIENTED_EDGE('',*,*,#1536,.F.);
#2182=ORIENTED_EDGE('',*,*,#1485,.F.);
#2183=ORIENTED_EDGE('',*,*,#1536,.T.);
#2184=ORIENTED_EDGE('',*,*,#1537,.F.);
#2185=ORIENTED_EDGE('',*,*,#1538,.F.);
#2186=ORIENTED_EDGE('',*,*,#1486,.F.);
#2187=ORIENTED_EDGE('',*,*,#1538,.T.);
#2188=ORIENTED_EDGE('',*,*,#1539,.F.);
#2189=ORIENTED_EDGE('',*,*,#1540,.F.);
#2190=ORIENTED_EDGE('',*,*,#1487,.F.);
#2191=ORIENTED_EDGE('',*,*,#1540,.T.);
#2192=ORIENTED_EDGE('',*,*,#1541,.F.);
#2193=ORIENTED_EDGE('',*,*,#1526,.F.);
#2194=ORIENTED_EDGE('',*,*,#1541,.T.);
#2195=ORIENTED_EDGE('',*,*,#1539,.T.);
#2196=ORIENTED_EDGE('',*,*,#1537,.T.);
#2197=ORIENTED_EDGE('',*,*,#1535,.T.);
#2198=ORIENTED_EDGE('',*,*,#1533,.T.);
#2199=ORIENTED_EDGE('',*,*,#1531,.T.);
#2200=ORIENTED_EDGE('',*,*,#1529,.T.);
#2201=ORIENTED_EDGE('',*,*,#1527,.T.);
#2202=ORIENTED_EDGE('',*,*,#1525,.T.);
#2203=ORIENTED_EDGE('',*,*,#1522,.T.);
#2204=ORIENTED_EDGE('',*,*,#1519,.T.);
#2205=ORIENTED_EDGE('',*,*,#1516,.T.);
#2206=ORIENTED_EDGE('',*,*,#1513,.T.);
#2207=ORIENTED_EDGE('',*,*,#1510,.T.);
#2208=ORIENTED_EDGE('',*,*,#1507,.T.);
#2209=ORIENTED_EDGE('',*,*,#1504,.T.);
#2210=ORIENTED_EDGE('',*,*,#1472,.T.);
#2211=ORIENTED_EDGE('',*,*,#1500,.T.);
#2212=ORIENTED_EDGE('',*,*,#1498,.F.);
#2213=ORIENTED_EDGE('',*,*,#1542,.F.);
#2214=ORIENTED_EDGE('',*,*,#1473,.T.);
#2215=ORIENTED_EDGE('',*,*,#1542,.T.);
#2216=ORIENTED_EDGE('',*,*,#1497,.F.);
#2217=ORIENTED_EDGE('',*,*,#1543,.F.);
#2218=ORIENTED_EDGE('',*,*,#1474,.T.);
#2219=ORIENTED_EDGE('',*,*,#1543,.T.);
#2220=ORIENTED_EDGE('',*,*,#1496,.F.);
#2221=ORIENTED_EDGE('',*,*,#1544,.F.);
#2222=ORIENTED_EDGE('',*,*,#1475,.T.);
#2223=ORIENTED_EDGE('',*,*,#1544,.T.);
#2224=ORIENTED_EDGE('',*,*,#1495,.F.);
#2225=ORIENTED_EDGE('',*,*,#1545,.F.);
#2226=ORIENTED_EDGE('',*,*,#1476,.T.);
#2227=ORIENTED_EDGE('',*,*,#1545,.T.);
#2228=ORIENTED_EDGE('',*,*,#1494,.F.);
#2229=ORIENTED_EDGE('',*,*,#1546,.F.);
#2230=ORIENTED_EDGE('',*,*,#1477,.T.);
#2231=ORIENTED_EDGE('',*,*,#1546,.T.);
#2232=ORIENTED_EDGE('',*,*,#1493,.F.);
#2233=ORIENTED_EDGE('',*,*,#1547,.F.);
#2234=ORIENTED_EDGE('',*,*,#1478,.T.);
#2235=ORIENTED_EDGE('',*,*,#1547,.T.);
#2236=ORIENTED_EDGE('',*,*,#1492,.F.);
#2237=ORIENTED_EDGE('',*,*,#1501,.F.);
#2238=ORIENTED_EDGE('',*,*,#1502,.T.);
#2239=ORIENTED_EDGE('',*,*,#1506,.T.);
#2240=ORIENTED_EDGE('',*,*,#1509,.T.);
#2241=ORIENTED_EDGE('',*,*,#1512,.T.);
#2242=ORIENTED_EDGE('',*,*,#1515,.T.);
#2243=ORIENTED_EDGE('',*,*,#1518,.T.);
#2244=ORIENTED_EDGE('',*,*,#1521,.T.);
#2245=ORIENTED_EDGE('',*,*,#1524,.T.);
#2246=PLANE('',#2490);
#2247=PLANE('',#2508);
#2248=PLANE('',#2509);
#2249=PLANE('',#2510);
#2250=PLANE('',#2511);
#2251=PLANE('',#2512);
#2252=PLANE('',#2513);
#2253=PLANE('',#2514);
#2254=PLANE('',#2515);
#2255=PLANE('',#2516);
#2256=PLANE('',#2517);
#2257=PLANE('',#2518);
#2258=PLANE('',#2525);
#2259=PLANE('',#2534);
#2260=PLANE('',#2535);
#2261=PLANE('',#2541);
#2262=PLANE('',#2542);
#2263=PLANE('',#2543);
#2264=PLANE('',#2544);
#2265=PLANE('',#2545);
#2266=PLANE('',#2546);
#2267=PLANE('',#2547);
#2268=PLANE('',#2548);
#2269=PLANE('',#2549);
#2270=PLANE('',#2550);
#2271=PLANE('',#2551);
#2272=PLANE('',#2552);
#2273=PLANE('',#2553);
#2274=PLANE('',#2554);
#2275=PLANE('',#2555);
#2276=PLANE('',#2556);
#2277=PLANE('',#2557);
#2278=PLANE('',#2558);
#2279=PLANE('',#2559);
#2280=PLANE('',#2560);
#2281=PLANE('',#2561);
#2282=PLANE('',#2562);
#2283=PLANE('',#2563);
#2284=PLANE('',#2564);
#2285=PLANE('',#2565);
#2286=PLANE('',#2566);
#2287=PLANE('',#2567);
#2288=PLANE('',#2568);
#2289=PLANE('',#2575);
#2290=PLANE('',#2579);
#2291=PLANE('',#2584);
#2292=PLANE('',#2585);
#2293=PLANE('',#2586);
#2294=PLANE('',#2590);
#2295=PLANE('',#2599);
#2296=PLANE('',#2603);
#2297=PLANE('',#2609);
#2298=PLANE('',#2611);
#2299=PLANE('',#2613);
#2300=PLANE('',#2615);
#2301=PLANE('',#2616);
#2302=PLANE('',#2617);
#2303=PLANE('',#2618);
#2304=PLANE('',#2619);
#2305=PLANE('',#2623);
#2306=PLANE('',#2625);
#2307=PLANE('',#2628);
#2308=PLANE('',#2629);
#2309=PLANE('',#2630);
#2310=PLANE('',#2631);
#2311=PLANE('',#2632);
#2312=PLANE('',#2633);
#2313=PLANE('',#2634);
#2314=PLANE('',#2635);
#2315=PLANE('',#2636);
#2316=PLANE('',#2637);
#2317=PLANE('',#2638);
#2318=PLANE('',#2639);
#2319=PLANE('',#2640);
#2320=PLANE('',#2641);
#2321=PLANE('',#2642);
#2322=PLANE('',#2643);
#2323=PLANE('',#2644);
#2324=PLANE('',#2645);
#2325=PLANE('',#2657);
#2326=PLANE('',#2662);
#2327=PLANE('',#2663);
#2328=PLANE('',#2667);
#2329=PLANE('',#2671);
#2330=PLANE('',#2675);
#2331=PLANE('',#2679);
#2332=PLANE('',#2682);
#2333=PLANE('',#2685);
#2334=PLANE('',#2688);
#2335=PLANE('',#2691);
#2336=PLANE('',#2692);
#2337=PLANE('',#2694);
#2338=PLANE('',#2696);
#2339=PLANE('',#2698);
#2340=PLANE('',#2700);
#2341=ADVANCED_FACE('',(#73),#2246,.T.);
#2342=ADVANCED_FACE('',(#74),#71,.T.);
#2343=ADVANCED_FACE('',(#75),#35,.T.);
#2344=ADVANCED_FACE('',(#76),#72,.T.);
#2345=ADVANCED_FACE('',(#77),#36,.T.);
#2346=ADVANCED_FACE('',(#78),#37,.T.);
#2347=ADVANCED_FACE('',(#79),#38,.T.);
#2348=ADVANCED_FACE('',(#80),#39,.T.);
#2349=ADVANCED_FACE('',(#81),#2247,.T.);
#2350=ADVANCED_FACE('',(#82),#2248,.T.);
#2351=ADVANCED_FACE('',(#83),#2249,.T.);
#2352=ADVANCED_FACE('',(#84,#19),#2250,.T.);
#2353=ADVANCED_FACE('',(#85),#2251,.F.);
#2354=ADVANCED_FACE('',(#86),#2252,.F.);
#2355=ADVANCED_FACE('',(#87),#2253,.F.);
#2356=ADVANCED_FACE('',(#88),#2254,.F.);
#2357=ADVANCED_FACE('',(#89),#2255,.T.);
#2358=ADVANCED_FACE('',(#90),#2256,.F.);
#2359=ADVANCED_FACE('',(#91),#2257,.F.);
#2360=ADVANCED_FACE('',(#92),#40,.T.);
#2361=ADVANCED_FACE('',(#93),#41,.T.);
#2362=ADVANCED_FACE('',(#94,#20),#2258,.T.);
#2363=ADVANCED_FACE('',(#95),#42,.F.);
#2364=ADVANCED_FACE('',(#96),#2259,.T.);
#2365=ADVANCED_FACE('',(#97),#2260,.T.);
#2366=ADVANCED_FACE('',(#98),#43,.F.);
#2367=ADVANCED_FACE('',(#99),#44,.T.);
#2368=ADVANCED_FACE('',(#100),#2261,.T.);
#2369=ADVANCED_FACE('',(#101),#2262,.T.);
#2370=ADVANCED_FACE('',(#102),#2263,.F.);
#2371=ADVANCED_FACE('',(#103),#2264,.T.);
#2372=ADVANCED_FACE('',(#104),#2265,.T.);
#2373=ADVANCED_FACE('',(#105),#2266,.F.);
#2374=ADVANCED_FACE('',(#106),#2267,.F.);
#2375=ADVANCED_FACE('',(#107),#2268,.T.);
#2376=ADVANCED_FACE('',(#108),#2269,.F.);
#2377=ADVANCED_FACE('',(#109),#2270,.F.);
#2378=ADVANCED_FACE('',(#110),#2271,.F.);
#2379=ADVANCED_FACE('',(#111),#2272,.F.);
#2380=ADVANCED_FACE('',(#112),#2273,.F.);
#2381=ADVANCED_FACE('',(#113),#2274,.F.);
#2382=ADVANCED_FACE('',(#114),#2275,.F.);
#2383=ADVANCED_FACE('',(#115),#2276,.F.);
#2384=ADVANCED_FACE('',(#116),#2277,.F.);
#2385=ADVANCED_FACE('',(#117),#2278,.F.);
#2386=ADVANCED_FACE('',(#118),#2279,.F.);
#2387=ADVANCED_FACE('',(#119),#2280,.T.);
#2388=ADVANCED_FACE('',(#120),#2281,.T.);
#2389=ADVANCED_FACE('',(#121),#2282,.T.);
#2390=ADVANCED_FACE('',(#122),#2283,.F.);
#2391=ADVANCED_FACE('',(#123),#2284,.T.);
#2392=ADVANCED_FACE('',(#124),#2285,.T.);
#2393=ADVANCED_FACE('',(#125),#2286,.T.);
#2394=ADVANCED_FACE('',(#126),#2287,.T.);
#2395=ADVANCED_FACE('',(#127,#21),#2288,.F.);
#2396=ADVANCED_FACE('',(#128),#45,.T.);
#2397=ADVANCED_FACE('',(#129),#46,.F.);
#2398=ADVANCED_FACE('',(#130,#22,#23,#24),#2289,.F.);
#2399=ADVANCED_FACE('',(#131),#47,.T.);
#2400=ADVANCED_FACE('',(#132,#25),#2290,.T.);
#2401=ADVANCED_FACE('',(#133),#2291,.T.);
#2402=ADVANCED_FACE('',(#134),#2292,.T.);
#2403=ADVANCED_FACE('',(#135,#26),#2293,.F.);
#2404=ADVANCED_FACE('',(#136),#48,.T.);
#2405=ADVANCED_FACE('',(#137,#27),#2294,.T.);
#2406=ADVANCED_FACE('',(#138),#49,.T.);
#2407=ADVANCED_FACE('',(#139),#50,.T.);
#2408=ADVANCED_FACE('',(#140),#2295,.T.);
#2409=ADVANCED_FACE('',(#141),#51,.T.);
#2410=ADVANCED_FACE('',(#142,#28),#2296,.T.);
#2411=ADVANCED_FACE('',(#143),#52,.F.);
#2412=ADVANCED_FACE('',(#144),#2297,.T.);
#2413=ADVANCED_FACE('',(#145),#53,.F.);
#2414=ADVANCED_FACE('',(#146),#2298,.T.);
#2415=ADVANCED_FACE('',(#147),#54,.F.);
#2416=ADVANCED_FACE('',(#148),#2299,.T.);
#2417=ADVANCED_FACE('',(#149),#55,.F.);
#2418=ADVANCED_FACE('',(#150),#2300,.F.);
#2419=ADVANCED_FACE('',(#151,#29),#2301,.F.);
#2420=ADVANCED_FACE('',(#152),#2302,.T.);
#2421=ADVANCED_FACE('',(#153),#2303,.T.);
#2422=ADVANCED_FACE('',(#154),#2304,.T.);
#2423=ADVANCED_FACE('',(#155),#56,.T.);
#2424=ADVANCED_FACE('',(#156),#2305,.T.);
#2425=ADVANCED_FACE('',(#157),#2306,.T.);
#2426=ADVANCED_FACE('',(#158),#57,.T.);
#2427=ADVANCED_FACE('',(#159),#2307,.T.);
#2428=ADVANCED_FACE('',(#160),#2308,.T.);
#2429=ADVANCED_FACE('',(#161),#2309,.T.);
#2430=ADVANCED_FACE('',(#162),#2310,.T.);
#2431=ADVANCED_FACE('',(#163),#2311,.T.);
#2432=ADVANCED_FACE('',(#164),#2312,.T.);
#2433=ADVANCED_FACE('',(#165),#2313,.T.);
#2434=ADVANCED_FACE('',(#166),#2314,.T.);
#2435=ADVANCED_FACE('',(#167),#2315,.T.);
#2436=ADVANCED_FACE('',(#168),#2316,.T.);
#2437=ADVANCED_FACE('',(#169),#2317,.T.);
#2438=ADVANCED_FACE('',(#170),#2318,.T.);
#2439=ADVANCED_FACE('',(#171),#2319,.T.);
#2440=ADVANCED_FACE('',(#172),#2320,.T.);
#2441=ADVANCED_FACE('',(#173),#2321,.T.);
#2442=ADVANCED_FACE('',(#174,#30),#2322,.T.);
#2443=ADVANCED_FACE('',(#175),#2323,.T.);
#2444=ADVANCED_FACE('',(#176,#31),#2324,.F.);
#2445=ADVANCED_FACE('',(#177),#58,.T.);
#2446=ADVANCED_FACE('',(#178),#2325,.T.);
#2447=ADVANCED_FACE('',(#179),#2326,.T.);
#2448=ADVANCED_FACE('',(#180),#2327,.T.);
#2449=ADVANCED_FACE('',(#181),#59,.F.);
#2450=ADVANCED_FACE('',(#182),#2328,.T.);
#2451=ADVANCED_FACE('',(#183),#60,.F.);
#2452=ADVANCED_FACE('',(#184),#2329,.T.);
#2453=ADVANCED_FACE('',(#185),#61,.F.);
#2454=ADVANCED_FACE('',(#186),#2330,.T.);
#2455=ADVANCED_FACE('',(#187),#62,.F.);
#2456=ADVANCED_FACE('',(#188),#2331,.T.);
#2457=ADVANCED_FACE('',(#189),#63,.T.);
#2458=ADVANCED_FACE('',(#190),#2332,.T.);
#2459=ADVANCED_FACE('',(#191),#64,.T.);
#2460=ADVANCED_FACE('',(#192),#2333,.T.);
#2461=ADVANCED_FACE('',(#193),#65,.T.);
#2462=ADVANCED_FACE('',(#194),#2334,.T.);
#2463=ADVANCED_FACE('',(#195),#66,.T.);
#2464=ADVANCED_FACE('',(#196),#2335,.T.);
#2465=ADVANCED_FACE('',(#197,#32),#2336,.T.);
#2466=ADVANCED_FACE('',(#198),#67,.T.);
#2467=ADVANCED_FACE('',(#199),#2337,.T.);
#2468=ADVANCED_FACE('',(#200),#68,.T.);
#2469=ADVANCED_FACE('',(#201),#2338,.T.);
#2470=ADVANCED_FACE('',(#202),#69,.T.);
#2471=ADVANCED_FACE('',(#203),#2339,.T.);
#2472=ADVANCED_FACE('',(#204),#70,.T.);
#2473=ADVANCED_FACE('',(#205),#2340,.F.);
#2474=CLOSED_SHELL('',(#2341,#2342,#2343,#2344,#2345,#2346,#2347,#2348,
#2349,#2350,#2351,#2352,#2353,#2354,#2355,#2356,#2357,#2358,#2359,#2360,
#2361,#2362,#2363,#2364,#2365,#2366,#2367,#2368,#2369,#2370,#2371,#2372,
#2373,#2374,#2375,#2376,#2377,#2378,#2379,#2380,#2381,#2382,#2383,#2384,
#2385,#2386,#2387,#2388,#2389,#2390,#2391,#2392,#2393,#2394,#2395,#2396,
#2397,#2398,#2399,#2400,#2401,#2402,#2403,#2404,#2405,#2406,#2407,#2408,
#2409,#2410,#2411,#2412,#2413,#2414,#2415,#2416,#2417,#2418,#2419,#2420,
#2421,#2422));
#2475=CLOSED_SHELL('',(#2423,#2424,#2425,#2426,#2427,#2428,#2429,#2430,
#2431,#2432,#2433,#2434,#2435,#2436,#2437,#2438,#2439,#2440,#2441,#2442,
#2443));
#2476=CLOSED_SHELL('',(#2444,#2445,#2446,#2447,#2448,#2449,#2450,#2451,
#2452,#2453,#2454,#2455,#2456,#2457,#2458,#2459,#2460,#2461,#2462,#2463,
#2464,#2465,#2466,#2467,#2468,#2469,#2470,#2471,#2472,#2473));
#2477=DERIVED_UNIT_ELEMENT(#2479,1.);
#2478=DERIVED_UNIT_ELEMENT(#4112,-3.);
#2479=(
MASS_UNIT()
NAMED_UNIT(*)
SI_UNIT(.KILO.,.GRAM.)
);
#2480=DERIVED_UNIT((#2477,#2478));
#2481=MEASURE_REPRESENTATION_ITEM('density measure',
POSITIVE_RATIO_MEASURE(7850.),#2480);
#2482=PROPERTY_DEFINITION_REPRESENTATION(#2487,#2484);
#2483=PROPERTY_DEFINITION_REPRESENTATION(#2488,#2485);
#2484=REPRESENTATION('material name',(#2486),#4109);
#2485=REPRESENTATION('density',(#2481),#4109);
#2486=DESCRIPTIVE_REPRESENTATION_ITEM('Steel','Steel');
#2487=PROPERTY_DEFINITION('material property','material name',#4119);
#2488=PROPERTY_DEFINITION('material property','density of part',#4119);
#2489=AXIS2_PLACEMENT_3D('',#3396,#2701,#2702);
#2490=AXIS2_PLACEMENT_3D('',#3397,#2703,#2704);
#2491=AXIS2_PLACEMENT_3D('',#3406,#2708,#2709);
#2492=AXIS2_PLACEMENT_3D('',#3410,#2711,#2712);
#2493=AXIS2_PLACEMENT_3D('',#3418,#2717,#2718);
#2494=AXIS2_PLACEMENT_3D('',#3421,#2719,#2720);
#2495=AXIS2_PLACEMENT_3D('',#3423,#2721,#2722);
#2496=AXIS2_PLACEMENT_3D('',#3424,#2723,#2724);
#2497=AXIS2_PLACEMENT_3D('',#3425,#2725,#2726);
#2498=AXIS2_PLACEMENT_3D('',#3428,#2729,#2730);
#2499=AXIS2_PLACEMENT_3D('',#3431,#2731,#2732);
#2500=AXIS2_PLACEMENT_3D('',#3433,#2733,#2734);
#2501=AXIS2_PLACEMENT_3D('',#3434,#2735,#2736);
#2502=AXIS2_PLACEMENT_3D('',#3435,#2737,#2738);
#2503=AXIS2_PLACEMENT_3D('',#3438,#2741,#2742);
#2504=AXIS2_PLACEMENT_3D('',#3441,#2743,#2744);
#2505=AXIS2_PLACEMENT_3D('',#3444,#2747,#2748);
#2506=AXIS2_PLACEMENT_3D('',#3447,#2751,#2752);
#2507=AXIS2_PLACEMENT_3D('',#3450,#2753,#2754);
#2508=AXIS2_PLACEMENT_3D('',#3453,#2757,#2758);
#2509=AXIS2_PLACEMENT_3D('',#3454,#2759,#2760);
#2510=AXIS2_PLACEMENT_3D('',#3456,#2762,#2763);
#2511=AXIS2_PLACEMENT_3D('',#3458,#2765,#2766);
#2512=AXIS2_PLACEMENT_3D('',#3473,#2775,#2776);
#2513=AXIS2_PLACEMENT_3D('',#3477,#2779,#2780);
#2514=AXIS2_PLACEMENT_3D('',#3481,#2783,#2784);
#2515=AXIS2_PLACEMENT_3D('',#3483,#2786,#2787);
#2516=AXIS2_PLACEMENT_3D('',#3484,#2788,#2789);
#2517=AXIS2_PLACEMENT_3D('',#3485,#2790,#2791);
#2518=AXIS2_PLACEMENT_3D('',#3494,#2796,#2797);
#2519=AXIS2_PLACEMENT_3D('',#3503,#2802,#2803);
#2520=AXIS2_PLACEMENT_3D('',#3505,#2804,#2805);
#2521=AXIS2_PLACEMENT_3D('',#3508,#2807,#2808);
#2522=AXIS2_PLACEMENT_3D('',#3509,#2809,#2810);
#2523=AXIS2_PLACEMENT_3D('',#3511,#2811,#2812);
#2524=AXIS2_PLACEMENT_3D('',#3514,#2814,#2815);
#2525=AXIS2_PLACEMENT_3D('',#3515,#2816,#2817);
#2526=AXIS2_PLACEMENT_3D('',#3519,#2819,#2820);
#2527=AXIS2_PLACEMENT_3D('',#3522,#2822,#2823);
#2528=AXIS2_PLACEMENT_3D('',#3523,#2824,#2825);
#2529=AXIS2_PLACEMENT_3D('',#3525,#2826,#2827);
#2530=AXIS2_PLACEMENT_3D('',#3526,#2828,#2829);
#2531=AXIS2_PLACEMENT_3D('',#3529,#2831,#2832);
#2532=AXIS2_PLACEMENT_3D('',#3531,#2833,#2834);
#2533=AXIS2_PLACEMENT_3D('',#3535,#2837,#2838);
#2534=AXIS2_PLACEMENT_3D('',#3536,#2839,#2840);
#2535=AXIS2_PLACEMENT_3D('',#3538,#2842,#2843);
#2536=AXIS2_PLACEMENT_3D('',#3540,#2845,#2846);
#2537=AXIS2_PLACEMENT_3D('',#3543,#2848,#2849);
#2538=AXIS2_PLACEMENT_3D('',#3544,#2850,#2851);
#2539=AXIS2_PLACEMENT_3D('',#3547,#2852,#2853);
#2540=AXIS2_PLACEMENT_3D('',#3551,#2855,#2856);
#2541=AXIS2_PLACEMENT_3D('',#3553,#2858,#2859);
#2542=AXIS2_PLACEMENT_3D('',#3559,#2863,#2864);
#2543=AXIS2_PLACEMENT_3D('',#3563,#2867,#2868);
#2544=AXIS2_PLACEMENT_3D('',#3572,#2873,#2874);
#2545=AXIS2_PLACEMENT_3D('',#3581,#2880,#2881);
#2546=AXIS2_PLACEMENT_3D('',#3583,#2883,#2884);
#2547=AXIS2_PLACEMENT_3D('',#3587,#2887,#2888);
#2548=AXIS2_PLACEMENT_3D('',#3591,#2891,#2892);
#2549=AXIS2_PLACEMENT_3D('',#3601,#2898,#2899);
#2550=AXIS2_PLACEMENT_3D('',#3610,#2904,#2905);
#2551=AXIS2_PLACEMENT_3D('',#3616,#2909,#2910);
#2552=AXIS2_PLACEMENT_3D('',#3622,#2914,#2915);
#2553=AXIS2_PLACEMENT_3D('',#3630,#2920,#2921);
#2554=AXIS2_PLACEMENT_3D('',#3636,#2925,#2926);
#2555=AXIS2_PLACEMENT_3D('',#3644,#2931,#2932);
#2556=AXIS2_PLACEMENT_3D('',#3650,#2936,#2937);
#2557=AXIS2_PLACEMENT_3D('',#3656,#2941,#2942);
#2558=AXIS2_PLACEMENT_3D('',#3662,#2946,#2947);
#2559=AXIS2_PLACEMENT_3D('',#3668,#2951,#2952);
#2560=AXIS2_PLACEMENT_3D('',#3674,#2956,#2957);
#2561=AXIS2_PLACEMENT_3D('',#3680,#2961,#2962);
#2562=AXIS2_PLACEMENT_3D('',#3686,#2966,#2967);
#2563=AXIS2_PLACEMENT_3D('',#3692,#2971,#2972);
#2564=AXIS2_PLACEMENT_3D('',#3696,#2975,#2976);
#2565=AXIS2_PLACEMENT_3D('',#3700,#2979,#2980);
#2566=AXIS2_PLACEMENT_3D('',#3702,#2982,#2983);
#2567=AXIS2_PLACEMENT_3D('',#3708,#2987,#2988);
#2568=AXIS2_PLACEMENT_3D('',#3711,#2991,#2992);
#2569=AXIS2_PLACEMENT_3D('',#3713,#2993,#2994);
#2570=AXIS2_PLACEMENT_3D('',#3715,#2995,#2996);
#2571=AXIS2_PLACEMENT_3D('',#3716,#2997,#2998);
#2572=AXIS2_PLACEMENT_3D('',#3719,#3000,#3001);
#2573=AXIS2_PLACEMENT_3D('',#3720,#3002,#3003);
#2574=AXIS2_PLACEMENT_3D('',#3723,#3005,#3006);
#2575=AXIS2_PLACEMENT_3D('',#3724,#3007,#3008);
#2576=AXIS2_PLACEMENT_3D('',#3726,#3009,#3010);
#2577=AXIS2_PLACEMENT_3D('',#3727,#3011,#3012);
#2578=AXIS2_PLACEMENT_3D('',#3730,#3014,#3015);
#2579=AXIS2_PLACEMENT_3D('',#3731,#3016,#3017);
#2580=AXIS2_PLACEMENT_3D('',#3734,#3019,#3020);
#2581=AXIS2_PLACEMENT_3D('',#3738,#3022,#3023);
#2582=AXIS2_PLACEMENT_3D('',#3742,#3025,#3026);
#2583=AXIS2_PLACEMENT_3D('',#3745,#3028,#3029);
#2584=AXIS2_PLACEMENT_3D('',#3746,#3030,#3031);
#2585=AXIS2_PLACEMENT_3D('',#3755,#3036,#3037);
#2586=AXIS2_PLACEMENT_3D('',#3764,#3042,#3043);
#2587=AXIS2_PLACEMENT_3D('',#3765,#3044,#3045);
#2588=AXIS2_PLACEMENT_3D('',#3767,#3046,#3047);
#2589=AXIS2_PLACEMENT_3D('',#3770,#3049,#3050);
#2590=AXIS2_PLACEMENT_3D('',#3771,#3051,#3052);
#2591=AXIS2_PLACEMENT_3D('',#3777,#3056,#3057);
#2592=AXIS2_PLACEMENT_3D('',#3778,#3058,#3059);
#2593=AXIS2_PLACEMENT_3D('',#3779,#3060,#3061);
#2594=AXIS2_PLACEMENT_3D('',#3780,#3062,#3063);
#2595=AXIS2_PLACEMENT_3D('',#3781,#3064,#3065);
#2596=AXIS2_PLACEMENT_3D('',#3782,#3066,#3067);
#2597=AXIS2_PLACEMENT_3D('',#3784,#3068,#3069);
#2598=AXIS2_PLACEMENT_3D('',#3787,#3071,#3072);
#2599=AXIS2_PLACEMENT_3D('',#3788,#3073,#3074);
#2600=AXIS2_PLACEMENT_3D('',#3794,#3078,#3079);
#2601=AXIS2_PLACEMENT_3D('',#3795,#3080,#3081);
#2602=AXIS2_PLACEMENT_3D('',#3796,#3082,#3083);
#2603=AXIS2_PLACEMENT_3D('',#3797,#3084,#3085);
#2604=AXIS2_PLACEMENT_3D('',#3799,#3086,#3087);
#2605=AXIS2_PLACEMENT_3D('',#3803,#3089,#3090);
#2606=AXIS2_PLACEMENT_3D('',#3807,#3092,#3093);
#2607=AXIS2_PLACEMENT_3D('',#3810,#3095,#3096);
#2608=AXIS2_PLACEMENT_3D('',#3811,#3097,#3098);
#2609=AXIS2_PLACEMENT_3D('',#3813,#3100,#3101);
#2610=AXIS2_PLACEMENT_3D('',#3815,#3103,#3104);
#2611=AXIS2_PLACEMENT_3D('',#3817,#3106,#3107);
#2612=AXIS2_PLACEMENT_3D('',#3819,#3109,#3110);
#2613=AXIS2_PLACEMENT_3D('',#3821,#3112,#3113);
#2614=AXIS2_PLACEMENT_3D('',#3823,#3115,#3116);
#2615=AXIS2_PLACEMENT_3D('',#3824,#3117,#3118);
#2616=AXIS2_PLACEMENT_3D('',#3825,#3119,#3120);
#2617=AXIS2_PLACEMENT_3D('',#3829,#3123,#3124);
#2618=AXIS2_PLACEMENT_3D('',#3833,#3127,#3128);
#2619=AXIS2_PLACEMENT_3D('',#3835,#3130,#3131);
#2620=AXIS2_PLACEMENT_3D('',#3836,#3132,#3133);
#2621=AXIS2_PLACEMENT_3D('',#3839,#3134,#3135);
#2622=AXIS2_PLACEMENT_3D('',#3843,#3137,#3138);
#2623=AXIS2_PLACEMENT_3D('',#3845,#3140,#3141);
#2624=AXIS2_PLACEMENT_3D('',#3849,#3143,#3144);
#2625=AXIS2_PLACEMENT_3D('',#3855,#3148,#3149);
#2626=AXIS2_PLACEMENT_3D('',#3859,#3152,#3153);
#2627=AXIS2_PLACEMENT_3D('',#3861,#3154,#3155);
#2628=AXIS2_PLACEMENT_3D('',#3863,#3157,#3158);
#2629=AXIS2_PLACEMENT_3D('',#3867,#3161,#3162);
#2630=AXIS2_PLACEMENT_3D('',#3871,#3165,#3166);
#2631=AXIS2_PLACEMENT_3D('',#3873,#3168,#3169);
#2632=AXIS2_PLACEMENT_3D('',#3882,#3174,#3175);
#2633=AXIS2_PLACEMENT_3D('',#3888,#3179,#3180);
#2634=AXIS2_PLACEMENT_3D('',#3894,#3184,#3185);
#2635=AXIS2_PLACEMENT_3D('',#3900,#3189,#3190);
#2636=AXIS2_PLACEMENT_3D('',#3906,#3194,#3195);
#2637=AXIS2_PLACEMENT_3D('',#3912,#3199,#3200);
#2638=AXIS2_PLACEMENT_3D('',#3918,#3204,#3205);
#2639=AXIS2_PLACEMENT_3D('',#3924,#3209,#3210);
#2640=AXIS2_PLACEMENT_3D('',#3930,#3214,#3215);
#2641=AXIS2_PLACEMENT_3D('',#3936,#3219,#3220);
#2642=AXIS2_PLACEMENT_3D('',#3942,#3224,#3225);
#2643=AXIS2_PLACEMENT_3D('',#3945,#3228,#3229);
#2644=AXIS2_PLACEMENT_3D('',#3946,#3230,#3231);
#2645=AXIS2_PLACEMENT_3D('',#3947,#3232,#3233);
#2646=AXIS2_PLACEMENT_3D('',#3950,#3234,#3235);
#2647=AXIS2_PLACEMENT_3D('',#3954,#3237,#3238);
#2648=AXIS2_PLACEMENT_3D('',#3958,#3240,#3241);
#2649=AXIS2_PLACEMENT_3D('',#3962,#3243,#3244);
#2650=AXIS2_PLACEMENT_3D('',#3966,#3246,#3247);
#2651=AXIS2_PLACEMENT_3D('',#3970,#3249,#3250);
#2652=AXIS2_PLACEMENT_3D('',#3974,#3252,#3253);
#2653=AXIS2_PLACEMENT_3D('',#3978,#3255,#3256);
#2654=AXIS2_PLACEMENT_3D('',#3982,#3258,#3259);
#2655=AXIS2_PLACEMENT_3D('',#3984,#3261,#3262);
#2656=AXIS2_PLACEMENT_3D('',#3988,#3264,#3265);
#2657=AXIS2_PLACEMENT_3D('',#3990,#3267,#3268);
#2658=AXIS2_PLACEMENT_3D('',#3994,#3270,#3271);
#2659=AXIS2_PLACEMENT_3D('',#3998,#3273,#3274);
#2660=AXIS2_PLACEMENT_3D('',#4002,#3276,#3277);
#2661=AXIS2_PLACEMENT_3D('',#4006,#3279,#3280);
#2662=AXIS2_PLACEMENT_3D('',#4008,#3282,#3283);
#2663=AXIS2_PLACEMENT_3D('',#4010,#3285,#3286);
#2664=AXIS2_PLACEMENT_3D('',#4012,#3288,#3289);
#2665=AXIS2_PLACEMENT_3D('',#4015,#3290,#3291);
#2666=AXIS2_PLACEMENT_3D('',#4019,#3293,#3294);
#2667=AXIS2_PLACEMENT_3D('',#4021,#3296,#3297);
#2668=AXIS2_PLACEMENT_3D('',#4027,#3301,#3302);
#2669=AXIS2_PLACEMENT_3D('',#4029,#3303,#3304);
#2670=AXIS2_PLACEMENT_3D('',#4031,#3305,#3306);
#2671=AXIS2_PLACEMENT_3D('',#4033,#3308,#3309);
#2672=AXIS2_PLACEMENT_3D('',#4039,#3313,#3314);
#2673=AXIS2_PLACEMENT_3D('',#4041,#3315,#3316);
#2674=AXIS2_PLACEMENT_3D('',#4043,#3317,#3318);
#2675=AXIS2_PLACEMENT_3D('',#4045,#3320,#3321);
#2676=AXIS2_PLACEMENT_3D('',#4051,#3325,#3326);
#2677=AXIS2_PLACEMENT_3D('',#4053,#3327,#3328);
#2678=AXIS2_PLACEMENT_3D('',#4055,#3329,#3330);
#2679=AXIS2_PLACEMENT_3D('',#4057,#3332,#3333);
#2680=AXIS2_PLACEMENT_3D('',#4060,#3336,#3337);
#2681=AXIS2_PLACEMENT_3D('',#4064,#3339,#3340);
#2682=AXIS2_PLACEMENT_3D('',#4066,#3342,#3343);
#2683=AXIS2_PLACEMENT_3D('',#4070,#3346,#3347);
#2684=AXIS2_PLACEMENT_3D('',#4072,#3348,#3349);
#2685=AXIS2_PLACEMENT_3D('',#4074,#3351,#3352);
#2686=AXIS2_PLACEMENT_3D('',#4078,#3355,#3356);
#2687=AXIS2_PLACEMENT_3D('',#4080,#3357,#3358);
#2688=AXIS2_PLACEMENT_3D('',#4082,#3360,#3361);
#2689=AXIS2_PLACEMENT_3D('',#4086,#3364,#3365);
#2690=AXIS2_PLACEMENT_3D('',#4088,#3366,#3367);
#2691=AXIS2_PLACEMENT_3D('',#4090,#3369,#3370);
#2692=AXIS2_PLACEMENT_3D('',#4092,#3372,#3373);
#2693=AXIS2_PLACEMENT_3D('',#4093,#3374,#3375);
#2694=AXIS2_PLACEMENT_3D('',#4095,#3377,#3378);
#2695=AXIS2_PLACEMENT_3D('',#4097,#3380,#3381);
#2696=AXIS2_PLACEMENT_3D('',#4099,#3383,#3384);
#2697=AXIS2_PLACEMENT_3D('',#4101,#3386,#3387);
#2698=AXIS2_PLACEMENT_3D('',#4103,#3389,#3390);
#2699=AXIS2_PLACEMENT_3D('',#4105,#3392,#3393);
#2700=AXIS2_PLACEMENT_3D('',#4106,#3394,#3395);
#2701=DIRECTION('axis',(0.,0.,1.));
#2702=DIRECTION('refdir',(1.,0.,0.));
#2703=DIRECTION('center_axis',(0.,0.,-1.));
#2704=DIRECTION('ref_axis',(0.,1.,0.));
#2705=DIRECTION('',(-1.,0.,0.));
#2706=DIRECTION('',(-1.10969267639723E-16,-1.,0.));
#2707=DIRECTION('',(1.,0.,0.));
#2708=DIRECTION('center_axis',(0.,0.,1.));
#2709=DIRECTION('ref_axis',(0.707106781186548,0.707106781186548,0.));
#2710=DIRECTION('',(0.,1.,0.));
#2711=DIRECTION('center_axis',(0.,0.,1.));
#2712=DIRECTION('ref_axis',(0.707106781186549,-0.707106781186546,0.));
#2713=DIRECTION('',(1.,0.,0.));
#2714=DIRECTION('',(-1.10969267639723E-16,-1.,0.));
#2715=DIRECTION('',(1.,0.,0.));
#2716=DIRECTION('',(0.,1.,0.));
#2717=DIRECTION('center_axis',(0.,0.,1.));
#2718=DIRECTION('ref_axis',(1.,0.,0.));
#2719=DIRECTION('center_axis',(0.601815023152046,0.,-0.798635510047294));
#2720=DIRECTION('ref_axis',(0.,-1.,0.));
#2721=DIRECTION('center_axis',(0.,0.,1.));
#2722=DIRECTION('ref_axis',(1.,0.,0.));
#2723=DIRECTION('center_axis',(-2.22044604925031E-15,-1.,2.94663143134512E-15));
#2724=DIRECTION('ref_axis',(0.798635510047293,0.,0.601815023152048));
#2725=DIRECTION('center_axis',(0.,0.,1.));
#2726=DIRECTION('ref_axis',(0.707106781186549,-0.707106781186546,0.));
#2727=DIRECTION('',(0.,0.,1.));
#2728=DIRECTION('',(0.,0.,-1.));
#2729=DIRECTION('center_axis',(0.,0.,1.));
#2730=DIRECTION('ref_axis',(1.,0.,0.));
#2731=DIRECTION('center_axis',(0.,1.,0.));
#2732=DIRECTION('ref_axis',(1.,0.,0.));
#2733=DIRECTION('center_axis',(0.,0.,1.));
#2734=DIRECTION('ref_axis',(0.,1.,0.));
#2735=DIRECTION('center_axis',(0.601815023152049,0.,-0.798635510047292));
#2736=DIRECTION('ref_axis',(0.798635510047292,0.,0.601815023152049));
#2737=DIRECTION('center_axis',(0.,0.,1.));
#2738=DIRECTION('ref_axis',(0.707106781186548,0.707106781186548,0.));
#2739=DIRECTION('',(0.,0.,1.));
#2740=DIRECTION('',(0.,0.,-1.));
#2741=DIRECTION('center_axis',(-0.601815023152048,0.,0.798635510047293));
#2742=DIRECTION('ref_axis',(0.564720584850817,0.70710678118655,0.42554748389075));
#2743=DIRECTION('center_axis',(-1.,1.10969267639723E-16,0.));
#2744=DIRECTION('ref_axis',(-2.95282884179263E-17,-8.35186119085907E-17,
1.));
#2745=DIRECTION('',(0.601815023152048,0.,-0.798635510047293));
#2746=DIRECTION('',(-0.601815023152048,0.,0.798635510047293));
#2747=DIRECTION('center_axis',(0.,1.,1.47261191980304E-16));
#2748=DIRECTION('ref_axis',(0.9483236552062,0.,0.317304656405091));
#2749=DIRECTION('',(0.,-1.,-1.47261191980304E-16));
#2750=DIRECTION('',(0.,1.,1.47261191980304E-16));
#2751=DIRECTION('center_axis',(0.601815023152048,0.,-0.798635510047293));
#2752=DIRECTION('ref_axis',(0.564720584850819,-0.707106781186548,0.425547483890751));
#2753=DIRECTION('center_axis',(-1.,1.10969267639723E-16,0.));
#2754=DIRECTION('ref_axis',(2.31810714814126E-32,-1.67037223817181E-16,
1.));
#2755=DIRECTION('',(0.601815023152048,0.,-0.798635510047293));
#2756=DIRECTION('',(-0.601815023152048,0.,0.798635510047293));
#2757=DIRECTION('center_axis',(1.,0.,0.));
#2758=DIRECTION('ref_axis',(0.,0.,-1.));
#2759=DIRECTION('center_axis',(0.,-1.,0.));
#2760=DIRECTION('ref_axis',(0.,0.,-1.));
#2761=DIRECTION('',(0.,0.,1.));
#2762=DIRECTION('center_axis',(0.798635510047293,-8.86239976610249E-17,
0.601815023152048));
#2763=DIRECTION('ref_axis',(0.601815023152048,4.41862952659573E-17,-0.798635510047293));
#2764=DIRECTION('',(1.10969267639723E-16,1.,0.));
#2765=DIRECTION('center_axis',(1.,-1.10969267639723E-16,0.));
#2766=DIRECTION('ref_axis',(-1.10969267639723E-16,-1.,0.));
#2767=DIRECTION('',(1.10969267639723E-16,1.,0.));
#2768=DIRECTION('',(0.,0.,-1.));
#2769=DIRECTION('',(-7.39795117598155E-17,-1.,0.));
#2770=DIRECTION('',(0.,0.,-1.));
#2771=DIRECTION('',(0.,0.,-1.));
#2772=DIRECTION('',(0.,0.,-1.));
#2773=DIRECTION('',(0.,1.,0.));
#2774=DIRECTION('',(0.,0.,1.));
#2775=DIRECTION('center_axis',(0.,1.,0.));
#2776=DIRECTION('ref_axis',(-1.,0.,0.));
#2777=DIRECTION('',(0.,0.,1.));
#2778=DIRECTION('',(-1.,0.,0.));
#2779=DIRECTION('center_axis',(1.,0.,0.));
#2780=DIRECTION('ref_axis',(0.,1.,0.));
#2781=DIRECTION('',(0.,0.,1.));
#2782=DIRECTION('',(0.,1.,0.));
#2783=DIRECTION('center_axis',(0.,-1.,0.));
#2784=DIRECTION('ref_axis',(1.,0.,0.));
#2785=DIRECTION('',(1.,0.,0.));
#2786=DIRECTION('center_axis',(0.,0.,1.));
#2787=DIRECTION('ref_axis',(1.,0.,0.));
#2788=DIRECTION('center_axis',(0.,1.,0.));
#2789=DIRECTION('ref_axis',(0.,0.,1.));
#2790=DIRECTION('center_axis',(0.,-1.,0.));
#2791=DIRECTION('ref_axis',(1.,0.,0.));
#2792=DIRECTION('',(0.,0.,-1.));
#2793=DIRECTION('',(1.,0.,0.));
#2794=DIRECTION('',(0.,0.,1.));
#2795=DIRECTION('',(1.,0.,0.));
#2796=DIRECTION('center_axis',(0.,1.,0.));
#2797=DIRECTION('ref_axis',(-1.,0.,0.));
#2798=DIRECTION('',(0.,0.,1.));
#2799=DIRECTION('',(-1.,0.,0.));
#2800=DIRECTION('',(0.,0.,-1.));
#2801=DIRECTION('',(-1.,0.,0.));
#2802=DIRECTION('center_axis',(0.,0.,1.));
#2803=DIRECTION('ref_axis',(-1.,0.,0.));
#2804=DIRECTION('center_axis',(0.,0.,-1.));
#2805=DIRECTION('ref_axis',(-1.,0.,0.));
#2806=DIRECTION('',(0.,0.,1.));
#2807=DIRECTION('center_axis',(0.,0.,1.));
#2808=DIRECTION('ref_axis',(-1.,0.,0.));
#2809=DIRECTION('center_axis',(0.,0.,1.));
#2810=DIRECTION('ref_axis',(-1.,0.,0.));
#2811=DIRECTION('center_axis',(0.,0.,1.));
#2812=DIRECTION('ref_axis',(-1.,0.,0.));
#2813=DIRECTION('',(0.,0.,-1.));
#2814=DIRECTION('center_axis',(0.,0.,-1.));
#2815=DIRECTION('ref_axis',(-1.,0.,0.));
#2816=DIRECTION('center_axis',(0.,0.,1.));
#2817=DIRECTION('ref_axis',(1.,0.,0.));
#2818=DIRECTION('',(-1.,0.,0.));
#2819=DIRECTION('center_axis',(0.,0.,-1.));
#2820=DIRECTION('ref_axis',(-1.,0.,0.));
#2821=DIRECTION('',(1.,0.,0.));
#2822=DIRECTION('center_axis',(0.,0.,-1.));
#2823=DIRECTION('ref_axis',(-1.,0.,0.));
#2824=DIRECTION('center_axis',(0.,0.,-1.));
#2825=DIRECTION('ref_axis',(-1.,0.,0.));
#2826=DIRECTION('center_axis',(0.,0.,-1.));
#2827=DIRECTION('ref_axis',(-1.,0.,0.));
#2828=DIRECTION('center_axis',(0.,0.,-1.));
#2829=DIRECTION('ref_axis',(-1.,0.,0.));
#2830=DIRECTION('',(0.,0.,1.));
#2831=DIRECTION('center_axis',(0.,0.,-1.));
#2832=DIRECTION('ref_axis',(-1.,0.,0.));
#2833=DIRECTION('center_axis',(0.,0.,1.));
#2834=DIRECTION('ref_axis',(-1.,0.,0.));
#2835=DIRECTION('',(0.,0.,1.));
#2836=DIRECTION('',(0.,0.,-1.));
#2837=DIRECTION('center_axis',(0.,0.,1.));
#2838=DIRECTION('ref_axis',(-1.,0.,0.));
#2839=DIRECTION('center_axis',(0.,-1.,0.));
#2840=DIRECTION('ref_axis',(1.,0.,0.));
#2841=DIRECTION('',(1.,0.,0.));
#2842=DIRECTION('center_axis',(0.,1.,0.));
#2843=DIRECTION('ref_axis',(-1.,0.,0.));
#2844=DIRECTION('',(-1.,0.,0.));
#2845=DIRECTION('center_axis',(0.,0.,1.));
#2846=DIRECTION('ref_axis',(-1.,0.,0.));
#2847=DIRECTION('',(0.,0.,-1.));
#2848=DIRECTION('center_axis',(0.,0.,1.));
#2849=DIRECTION('ref_axis',(-1.,0.,0.));
#2850=DIRECTION('center_axis',(0.,1.,0.));
#2851=DIRECTION('ref_axis',(0.0769230769230768,0.,0.997037030524286));
#2852=DIRECTION('center_axis',(0.,1.,0.));
#2853=DIRECTION('ref_axis',(0.0769230769230768,0.,0.997037030524286));
#2854=DIRECTION('',(0.,1.,0.));
#2855=DIRECTION('center_axis',(0.,-1.,0.));
#2856=DIRECTION('ref_axis',(0.0769230769230768,0.,0.997037030524286));
#2857=DIRECTION('',(0.,1.,0.));
#2858=DIRECTION('center_axis',(0.,1.,0.));
#2859=DIRECTION('ref_axis',(0.,0.,1.));
#2860=DIRECTION('',(0.,0.,1.));
#2861=DIRECTION('',(1.,0.,0.));
#2862=DIRECTION('',(0.,0.,-1.));
#2863=DIRECTION('center_axis',(1.,0.,0.));
#2864=DIRECTION('ref_axis',(0.,0.,-1.));
#2865=DIRECTION('',(0.,0.,-1.));
#2866=DIRECTION('',(0.,1.,0.));
#2867=DIRECTION('center_axis',(0.866025403784439,0.,0.5));
#2868=DIRECTION('ref_axis',(0.,-1.,0.));
#2869=DIRECTION('',(0.,-1.,0.));
#2870=DIRECTION('',(0.5,0.,-0.866025403784439));
#2871=DIRECTION('',(0.,-1.,0.));
#2872=DIRECTION('',(-0.5,0.,0.866025403784439));
#2873=DIRECTION('center_axis',(0.,0.,-1.));
#2874=DIRECTION('ref_axis',(0.,1.,0.));
#2875=DIRECTION('',(0.,-1.,0.));
#2876=DIRECTION('',(1.,0.,0.));
#2877=DIRECTION('',(1.,0.,0.));
#2878=DIRECTION('',(0.,-1.,0.));
#2879=DIRECTION('',(1.,0.,0.));
#2880=DIRECTION('center_axis',(0.,-1.,0.));
#2881=DIRECTION('ref_axis',(0.,0.,-1.));
#2882=DIRECTION('',(0.,0.,1.));
#2883=DIRECTION('center_axis',(0.,-1.,0.));
#2884=DIRECTION('ref_axis',(0.,0.,-1.));
#2885=DIRECTION('',(1.,0.,0.));
#2886=DIRECTION('',(0.,0.,-1.));
#2887=DIRECTION('center_axis',(0.,1.,0.));
#2888=DIRECTION('ref_axis',(0.,0.,1.));
#2889=DIRECTION('',(0.,0.,1.));
#2890=DIRECTION('',(1.,0.,0.));
#2891=DIRECTION('center_axis',(-1.,0.,0.));
#2892=DIRECTION('ref_axis',(0.,-1.,0.));
#2893=DIRECTION('',(0.,1.,0.));
#2894=DIRECTION('',(0.,0.,1.));
#2895=DIRECTION('',(0.,-1.,0.));
#2896=DIRECTION('',(0.,0.,1.));
#2897=DIRECTION('',(0.,1.,0.));
#2898=DIRECTION('center_axis',(0.,1.,0.));
#2899=DIRECTION('ref_axis',(-1.,0.,0.));
#2900=DIRECTION('',(-1.,0.,0.));
#2901=DIRECTION('',(0.,0.,1.));
#2902=DIRECTION('',(-1.,0.,0.));
#2903=DIRECTION('',(0.,0.,1.));
#2904=DIRECTION('center_axis',(1.,0.,0.));
#2905=DIRECTION('ref_axis',(0.,1.,0.));
#2906=DIRECTION('',(0.,1.,0.));
#2907=DIRECTION('',(0.,0.,1.));
#2908=DIRECTION('',(0.,1.,0.));
#2909=DIRECTION('center_axis',(0.,-1.,0.));
#2910=DIRECTION('ref_axis',(1.,0.,0.));
#2911=DIRECTION('',(1.,0.,0.));
#2912=DIRECTION('',(0.,0.,1.));
#2913=DIRECTION('',(1.,0.,0.));
#2914=DIRECTION('center_axis',(1.,0.,0.));
#2915=DIRECTION('ref_axis',(0.,1.,0.));
#2916=DIRECTION('',(0.,1.,0.));
#2917=DIRECTION('',(0.,0.,1.));
#2918=DIRECTION('',(0.,0.,-1.));
#2919=DIRECTION('',(0.,1.,0.));
#2920=DIRECTION('center_axis',(0.,-1.,0.));
#2921=DIRECTION('ref_axis',(1.,0.,0.));
#2922=DIRECTION('',(-1.,0.,0.));
#2923=DIRECTION('',(1.,0.,0.));
#2924=DIRECTION('',(0.,0.,1.));
#2925=DIRECTION('center_axis',(-1.,0.,0.));
#2926=DIRECTION('ref_axis',(0.,-1.,0.));
#2927=DIRECTION('',(0.,-1.,0.));
#2928=DIRECTION('',(0.,0.,1.));
#2929=DIRECTION('',(0.,-1.,0.));
#2930=DIRECTION('',(0.,0.,1.));
#2931=DIRECTION('center_axis',(0.,-1.,0.));
#2932=DIRECTION('ref_axis',(1.,0.,0.));
#2933=DIRECTION('',(1.,0.,0.));
#2934=DIRECTION('',(0.,0.,1.));
#2935=DIRECTION('',(1.,0.,0.));
#2936=DIRECTION('center_axis',(-1.,0.,0.));
#2937=DIRECTION('ref_axis',(0.,-1.,0.));
#2938=DIRECTION('',(0.,-1.,0.));
#2939=DIRECTION('',(0.,0.,1.));
#2940=DIRECTION('',(0.,-1.,0.));
#2941=DIRECTION('center_axis',(0.,1.,0.));
#2942=DIRECTION('ref_axis',(-1.,0.,0.));
#2943=DIRECTION('',(-1.,0.,0.));
#2944=DIRECTION('',(0.,0.,1.));
#2945=DIRECTION('',(-1.,0.,0.));
#2946=DIRECTION('center_axis',(-1.,0.,0.));
#2947=DIRECTION('ref_axis',(0.,-1.,0.));
#2948=DIRECTION('',(0.,-1.,0.));
#2949=DIRECTION('',(0.,0.,-1.));
#2950=DIRECTION('',(0.,-1.,0.));
#2951=DIRECTION('center_axis',(1.,0.,0.));
#2952=DIRECTION('ref_axis',(0.,1.,0.));
#2953=DIRECTION('',(0.,1.,0.));
#2954=DIRECTION('',(0.,1.,0.));
#2955=DIRECTION('',(0.,0.,1.));
#2956=DIRECTION('center_axis',(0.,-1.,0.));
#2957=DIRECTION('ref_axis',(0.,0.,-1.));
#2958=DIRECTION('',(-1.,0.,0.));
#2959=DIRECTION('',(0.,0.,-1.));
#2960=DIRECTION('',(1.,0.,0.));
#2961=DIRECTION('center_axis',(0.,-1.,0.));
#2962=DIRECTION('ref_axis',(0.,0.,-1.));
#2963=DIRECTION('',(1.,0.,0.));
#2964=DIRECTION('',(0.,0.,1.));
#2965=DIRECTION('',(-1.,0.,0.));
#2966=DIRECTION('center_axis',(-1.,1.1479390319632E-16,0.));
#2967=DIRECTION('ref_axis',(1.1479390319632E-16,1.,0.));
#2968=DIRECTION('',(1.1479390319632E-16,1.,0.));
#2969=DIRECTION('',(0.,0.,-1.));
#2970=DIRECTION('',(-1.1479390319632E-16,-1.,0.));
#2971=DIRECTION('center_axis',(0.,0.,-1.));
#2972=DIRECTION('ref_axis',(1.,0.,0.));
#2973=DIRECTION('',(7.65292687975466E-17,-1.,0.));
#2974=DIRECTION('',(1.,-2.51371250858526E-16,0.));
#2975=DIRECTION('center_axis',(2.51371250858526E-16,1.,0.));
#2976=DIRECTION('ref_axis',(1.,-2.51371250858526E-16,0.));
#2977=DIRECTION('',(-1.,2.51371250858526E-16,0.));
#2978=DIRECTION('',(0.,0.,-1.));
#2979=DIRECTION('center_axis',(1.,7.65292687975466E-17,0.));
#2980=DIRECTION('ref_axis',(7.65292687975466E-17,-1.,0.));
#2981=DIRECTION('',(-7.65292687975466E-17,1.,0.));
#2982=DIRECTION('center_axis',(0.,1.,0.));
#2983=DIRECTION('ref_axis',(1.,0.,0.));
#2984=DIRECTION('',(1.,3.11641550771974E-16,0.));
#2985=DIRECTION('',(0.,0.,-1.));
#2986=DIRECTION('',(-1.,0.,0.));
#2987=DIRECTION('center_axis',(0.,1.,0.));
#2988=DIRECTION('ref_axis',(1.,0.,0.));
#2989=DIRECTION('',(-1.,0.,0.));
#2990=DIRECTION('',(1.,3.11641550771974E-16,0.));
#2991=DIRECTION('center_axis',(0.,0.,1.));
#2992=DIRECTION('ref_axis',(-1.,0.,0.));
#2993=DIRECTION('center_axis',(0.,0.,-1.));
#2994=DIRECTION('ref_axis',(-1.,0.,0.));
#2995=DIRECTION('center_axis',(0.,0.,1.));
#2996=DIRECTION('ref_axis',(-1.,0.,0.));
#2997=DIRECTION('center_axis',(0.,0.,-1.));
#2998=DIRECTION('ref_axis',(-1.,0.,0.));
#2999=DIRECTION('',(0.,0.,1.));
#3000=DIRECTION('center_axis',(0.,0.,1.));
#3001=DIRECTION('ref_axis',(-1.,0.,0.));
#3002=DIRECTION('center_axis',(0.,0.,-1.));
#3003=DIRECTION('ref_axis',(-1.,0.,0.));
#3004=DIRECTION('',(0.,0.,1.));
#3005=DIRECTION('center_axis',(0.,0.,-1.));
#3006=DIRECTION('ref_axis',(-1.,0.,0.));
#3007=DIRECTION('center_axis',(0.,0.,1.));
#3008=DIRECTION('ref_axis',(-1.,0.,0.));
#3009=DIRECTION('center_axis',(0.,0.,-1.));
#3010=DIRECTION('ref_axis',(-1.,0.,0.));
#3011=DIRECTION('center_axis',(0.,0.,-1.));
#3012=DIRECTION('ref_axis',(-1.,0.,0.));
#3013=DIRECTION('',(0.,0.,1.));
#3014=DIRECTION('center_axis',(0.,0.,1.));
#3015=DIRECTION('ref_axis',(-1.,0.,0.));
#3016=DIRECTION('center_axis',(0.,0.,1.));
#3017=DIRECTION('ref_axis',(-1.,0.,0.));
#3018=DIRECTION('',(0.,-1.,0.));
#3019=DIRECTION('center_axis',(0.,0.,1.));
#3020=DIRECTION('ref_axis',(1.,0.,0.));
#3021=DIRECTION('',(-1.,0.,0.));
#3022=DIRECTION('center_axis',(0.,0.,1.));
#3023=DIRECTION('ref_axis',(0.,1.,0.));
#3024=DIRECTION('',(3.08395284618099E-17,-1.,0.));
#3025=DIRECTION('center_axis',(0.,0.,1.));
#3026=DIRECTION('ref_axis',(-1.,1.93082265152201E-16,0.));
#3027=DIRECTION('',(1.,9.51619735392992E-16,0.));
#3028=DIRECTION('center_axis',(0.,0.,1.));
#3029=DIRECTION('ref_axis',(0.,-1.,0.));
#3030=DIRECTION('center_axis',(0.,1.,0.));
#3031=DIRECTION('ref_axis',(-1.,0.,0.));
#3032=DIRECTION('',(0.,0.,-1.));
#3033=DIRECTION('',(-1.,0.,0.));
#3034=DIRECTION('',(0.,0.,1.));
#3035=DIRECTION('',(1.,0.,0.));
#3036=DIRECTION('center_axis',(-1.38777878078145E-16,-1.,0.));
#3037=DIRECTION('ref_axis',(1.,-1.38777878078145E-16,0.));
#3038=DIRECTION('',(0.,0.,1.));
#3039=DIRECTION('',(-1.,1.38777878078145E-16,0.));
#3040=DIRECTION('',(0.,0.,-1.));
#3041=DIRECTION('',(1.,6.34413156928661E-16,0.));
#3042=DIRECTION('center_axis',(0.,0.,1.));
#3043=DIRECTION('ref_axis',(-1.,0.,0.));
#3044=DIRECTION('center_axis',(0.,0.,1.));
#3045=DIRECTION('ref_axis',(0.707106781186547,-0.707106781186548,0.));
#3046=DIRECTION('center_axis',(0.,0.,1.));
#3047=DIRECTION('ref_axis',(0.707106781186547,-0.707106781186548,0.));
#3048=DIRECTION('',(0.,0.,1.));
#3049=DIRECTION('center_axis',(0.,0.,1.));
#3050=DIRECTION('ref_axis',(3.5527136788005E-16,-1.,0.));
#3051=DIRECTION('center_axis',(1.,0.,0.));
#3052=DIRECTION('ref_axis',(0.,1.,0.));
#3053=DIRECTION('',(0.,0.,-1.));
#3054=DIRECTION('',(0.,1.,0.));
#3055=DIRECTION('',(0.,-1.,0.));
#3056=DIRECTION('center_axis',(0.,0.,1.));
#3057=DIRECTION('ref_axis',(0.707106781186547,0.707106781186547,0.));
#3058=DIRECTION('center_axis',(0.,0.,1.));
#3059=DIRECTION('ref_axis',(0.707106781186547,0.707106781186547,0.));
#3060=DIRECTION('center_axis',(0.,0.,1.));
#3061=DIRECTION('ref_axis',(0.707106781186547,0.707106781186547,0.));
#3062=DIRECTION('center_axis',(0.,0.,1.));
#3063=DIRECTION('ref_axis',(1.,0.,0.));
#3064=DIRECTION('center_axis',(0.,0.,1.));
#3065=DIRECTION('ref_axis',(-0.707106781186547,0.707106781186547,0.));
#3066=DIRECTION('center_axis',(0.,0.,1.));
#3067=DIRECTION('ref_axis',(-0.707106781186547,0.707106781186547,0.));
#3068=DIRECTION('center_axis',(0.,0.,1.));
#3069=DIRECTION('ref_axis',(-0.707106781186547,0.707106781186547,0.));
#3070=DIRECTION('',(0.,0.,1.));
#3071=DIRECTION('center_axis',(0.,0.,1.));
#3072=DIRECTION('ref_axis',(0.,1.,0.));
#3073=DIRECTION('center_axis',(-1.,0.,0.));
#3074=DIRECTION('ref_axis',(0.,-1.,0.));
#3075=DIRECTION('',(0.,0.,-1.));
#3076=DIRECTION('',(0.,-1.,0.));
#3077=DIRECTION('',(0.,1.,0.));
#3078=DIRECTION('center_axis',(0.,0.,1.));
#3079=DIRECTION('ref_axis',(-0.707106781186548,-0.707106781186547,0.));
#3080=DIRECTION('center_axis',(0.,0.,1.));
#3081=DIRECTION('ref_axis',(-0.707106781186548,-0.707106781186547,0.));
#3082=DIRECTION('center_axis',(0.,0.,1.));
#3083=DIRECTION('ref_axis',(-1.,2.22044604925031E-16,0.));
#3084=DIRECTION('center_axis',(0.,0.,1.));
#3085=DIRECTION('ref_axis',(-1.,0.,0.));
#3086=DIRECTION('center_axis',(0.,0.,-1.));
#3087=DIRECTION('ref_axis',(0.,-1.,0.));
#3088=DIRECTION('',(-1.,-9.51619735392992E-16,0.));
#3089=DIRECTION('center_axis',(0.,0.,-1.));
#3090=DIRECTION('ref_axis',(-1.,1.93082265152201E-16,0.));
#3091=DIRECTION('',(-3.08395284618099E-17,1.,0.));
#3092=DIRECTION('center_axis',(0.,0.,-1.));
#3093=DIRECTION('ref_axis',(0.,1.,0.));
#3094=DIRECTION('',(1.,0.,0.));
#3095=DIRECTION('center_axis',(0.,0.,-1.));
#3096=DIRECTION('ref_axis',(1.,0.,0.));
#3097=DIRECTION('center_axis',(0.,0.,1.));
#3098=DIRECTION('ref_axis',(0.,-1.,0.));
#3099=DIRECTION('',(0.,0.,1.));
#3100=DIRECTION('center_axis',(-9.51619735392992E-16,1.,0.));
#3101=DIRECTION('ref_axis',(-1.,-9.51619735392992E-16,0.));
#3102=DIRECTION('',(0.,0.,1.));
#3103=DIRECTION('center_axis',(0.,0.,1.));
#3104=DIRECTION('ref_axis',(-1.,1.93082265152201E-16,0.));
#3105=DIRECTION('',(0.,0.,1.));
#3106=DIRECTION('center_axis',(1.,3.08395284618099E-17,0.));
#3107=DIRECTION('ref_axis',(-3.08395284618099E-17,1.,0.));
#3108=DIRECTION('',(0.,0.,1.));
#3109=DIRECTION('center_axis',(0.,0.,1.));
#3110=DIRECTION('ref_axis',(0.,1.,0.));
#3111=DIRECTION('',(0.,0.,1.));
#3112=DIRECTION('center_axis',(0.,-1.,0.));
#3113=DIRECTION('ref_axis',(1.,0.,0.));
#3114=DIRECTION('',(0.,0.,1.));
#3115=DIRECTION('center_axis',(0.,0.,1.));
#3116=DIRECTION('ref_axis',(1.,0.,0.));
#3117=DIRECTION('center_axis',(0.,0.,1.));
#3118=DIRECTION('ref_axis',(-1.,0.,0.));
#3119=DIRECTION('center_axis',(0.,0.,1.));
#3120=DIRECTION('ref_axis',(-1.,0.,0.));
#3121=DIRECTION('',(7.39795117598155E-17,-1.,0.));
#3122=DIRECTION('',(1.,-1.55820775385987E-16,0.));
#3123=DIRECTION('center_axis',(-1.55820775385987E-16,-1.,0.));
#3124=DIRECTION('ref_axis',(-1.,1.55820775385987E-16,0.));
#3125=DIRECTION('',(0.,0.,-1.));
#3126=DIRECTION('',(-1.,0.,0.));
#3127=DIRECTION('center_axis',(-1.,-7.39795117598155E-17,0.));
#3128=DIRECTION('ref_axis',(-7.39795117598155E-17,1.,0.));
#3129=DIRECTION('',(-7.39795117598155E-17,1.,0.));
#3130=DIRECTION('center_axis',(0.,0.,-1.));
#3131=DIRECTION('ref_axis',(-1.,0.,0.));
#3132=DIRECTION('center_axis',(0.,1.,0.));
#3133=DIRECTION('ref_axis',(-0.707106781186547,0.,-0.707106781186547));
#3134=DIRECTION('center_axis',(0.,-1.,0.));
#3135=DIRECTION('ref_axis',(-0.707106781186547,0.,-0.707106781186547));
#3136=DIRECTION('',(0.,-1.,0.));
#3137=DIRECTION('center_axis',(0.,1.,0.));
#3138=DIRECTION('ref_axis',(-0.707106781186547,0.,-0.707106781186547));
#3139=DIRECTION('',(0.,1.,0.));
#3140=DIRECTION('center_axis',(0.,-1.,0.));
#3141=DIRECTION('ref_axis',(-1.,0.,0.));
#3142=DIRECTION('',(-1.,0.,0.));
#3143=DIRECTION('center_axis',(0.,1.,0.));
#3144=DIRECTION('ref_axis',(0.707106781186547,0.,-0.707106781186547));
#3145=DIRECTION('',(0.,0.,-1.));
#3146=DIRECTION('',(1.,0.,0.));
#3147=DIRECTION('',(0.,0.,-1.));
#3148=DIRECTION('center_axis',(0.,0.,-1.));
#3149=DIRECTION('ref_axis',(-1.,0.,0.));
#3150=DIRECTION('',(1.,0.,0.));
#3151=DIRECTION('',(0.,1.,0.));
#3152=DIRECTION('center_axis',(0.,-1.,0.));
#3153=DIRECTION('ref_axis',(0.707106781186547,0.,-0.707106781186547));
#3154=DIRECTION('center_axis',(0.,-1.,0.));
#3155=DIRECTION('ref_axis',(0.707106781186547,0.,-0.707106781186547));
#3156=DIRECTION('',(0.,-1.,0.));
#3157=DIRECTION('center_axis',(-1.,0.,0.));
#3158=DIRECTION('ref_axis',(0.,1.,0.));
#3159=DIRECTION('',(0.,-1.,0.));
#3160=DIRECTION('',(0.,0.,-1.));
#3161=DIRECTION('center_axis',(1.,0.,0.));
#3162=DIRECTION('ref_axis',(0.,-1.,0.));
#3163=DIRECTION('',(0.,0.,-1.));
#3164=DIRECTION('',(0.,1.,0.));
#3165=DIRECTION('center_axis',(0.,1.,0.));
#3166=DIRECTION('ref_axis',(1.,0.,0.));
#3167=DIRECTION('',(-1.,0.,0.));
#3168=DIRECTION('center_axis',(0.,1.,0.));
#3169=DIRECTION('ref_axis',(-1.,0.,0.));
#3170=DIRECTION('',(-1.,0.,0.));
#3171=DIRECTION('',(0.,0.,1.));
#3172=DIRECTION('',(-1.,0.,0.));
#3173=DIRECTION('',(0.,0.,1.));
#3174=DIRECTION('center_axis',(1.,0.,0.));
#3175=DIRECTION('ref_axis',(0.,1.,0.));
#3176=DIRECTION('',(0.,1.,0.));
#3177=DIRECTION('',(0.,1.,0.));
#3178=DIRECTION('',(0.,0.,1.));
#3179=DIRECTION('center_axis',(0.,-1.,0.));
#3180=DIRECTION('ref_axis',(1.,0.,0.));
#3181=DIRECTION('',(1.,0.,0.));
#3182=DIRECTION('',(1.,0.,0.));
#3183=DIRECTION('',(0.,0.,1.));
#3184=DIRECTION('center_axis',(1.,4.4408920985006E-15,0.));
#3185=DIRECTION('ref_axis',(-4.4408920985006E-15,1.,0.));
#3186=DIRECTION('',(-4.4408920985006E-15,1.,0.));
#3187=DIRECTION('',(-4.4408920985006E-15,1.,0.));
#3188=DIRECTION('',(0.,0.,1.));
#3189=DIRECTION('center_axis',(0.,-1.,0.));
#3190=DIRECTION('ref_axis',(1.,0.,0.));
#3191=DIRECTION('',(1.,0.,0.));
#3192=DIRECTION('',(1.,0.,0.));
#3193=DIRECTION('',(0.,0.,1.));
#3194=DIRECTION('center_axis',(-1.,0.,0.));
#3195=DIRECTION('ref_axis',(0.,-1.,0.));
#3196=DIRECTION('',(0.,-1.,0.));
#3197=DIRECTION('',(0.,-1.,0.));
#3198=DIRECTION('',(0.,0.,1.));
#3199=DIRECTION('center_axis',(0.,-1.,0.));
#3200=DIRECTION('ref_axis',(1.,0.,0.));
#3201=DIRECTION('',(1.,0.,0.));
#3202=DIRECTION('',(1.,0.,0.));
#3203=DIRECTION('',(0.,0.,1.));
#3204=DIRECTION('center_axis',(-1.,0.,0.));
#3205=DIRECTION('ref_axis',(0.,-1.,0.));
#3206=DIRECTION('',(0.,-1.,0.));
#3207=DIRECTION('',(0.,-1.,0.));
#3208=DIRECTION('',(0.,0.,1.));
#3209=DIRECTION('center_axis',(0.,1.,0.));
#3210=DIRECTION('ref_axis',(-1.,0.,0.));
#3211=DIRECTION('',(-1.,0.,0.));
#3212=DIRECTION('',(-1.,0.,0.));
#3213=DIRECTION('',(0.,0.,1.));
#3214=DIRECTION('center_axis',(-1.,-4.44089209850064E-15,0.));
#3215=DIRECTION('ref_axis',(4.44089209850064E-15,-1.,0.));
#3216=DIRECTION('',(4.44089209850064E-15,-1.,0.));
#3217=DIRECTION('',(4.44089209850064E-15,-1.,0.));
#3218=DIRECTION('',(0.,0.,1.));
#3219=DIRECTION('center_axis',(0.,1.,0.));
#3220=DIRECTION('ref_axis',(-1.,0.,0.));
#3221=DIRECTION('',(-1.,0.,0.));
#3222=DIRECTION('',(-1.,0.,0.));
#3223=DIRECTION('',(0.,0.,1.));
#3224=DIRECTION('center_axis',(1.,0.,0.));
#3225=DIRECTION('ref_axis',(0.,1.,0.));
#3226=DIRECTION('',(0.,-1.,0.));
#3227=DIRECTION('',(0.,1.,0.));
#3228=DIRECTION('center_axis',(0.,0.,-1.));
#3229=DIRECTION('ref_axis',(1.,0.,0.));
#3230=DIRECTION('center_axis',(0.,0.,1.));
#3231=DIRECTION('ref_axis',(1.,0.,0.));
#3232=DIRECTION('center_axis',(0.,0.,1.));
#3233=DIRECTION('ref_axis',(-1.,0.,0.));
#3234=DIRECTION('center_axis',(0.,0.,1.));
#3235=DIRECTION('ref_axis',(-0.707106781186546,0.707106781186549,0.));
#3236=DIRECTION('',(0.,1.,0.));
#3237=DIRECTION('center_axis',(0.,0.,1.));
#3238=DIRECTION('ref_axis',(1.,-7.105427357601E-16,0.));
#3239=DIRECTION('',(0.,1.,0.));
#3240=DIRECTION('center_axis',(0.,0.,1.));
#3241=DIRECTION('ref_axis',(6.21724893790087E-16,-1.,0.));
#3242=DIRECTION('',(1.,6.34413156928661E-16,0.));
#3243=DIRECTION('center_axis',(0.,0.,1.));
#3244=DIRECTION('ref_axis',(-1.,2.66453525910038E-16,0.));
#3245=DIRECTION('',(0.,-1.,0.));
#3246=DIRECTION('center_axis',(0.,0.,1.));
#3247=DIRECTION('ref_axis',(-1.77635683940025E-16,1.,0.));
#3248=DIRECTION('',(0.,1.,0.));
#3249=DIRECTION('center_axis',(0.,0.,1.));
#3250=DIRECTION('ref_axis',(-1.,0.,0.));
#3251=DIRECTION('',(6.16790569236198E-17,-1.,0.));
#3252=DIRECTION('center_axis',(0.,0.,1.));
#3253=DIRECTION('ref_axis',(1.44811698864151E-16,-1.,0.));
#3254=DIRECTION('',(1.,9.51619735392993E-16,0.));
#3255=DIRECTION('center_axis',(0.,0.,1.));
#3256=DIRECTION('ref_axis',(1.,-7.72329060608804E-16,0.));
#3257=DIRECTION('',(6.16790569236198E-17,1.,0.));
#3258=DIRECTION('center_axis',(0.,0.,1.));
#3259=DIRECTION('ref_axis',(-1.44811698864151E-16,1.,0.));
#3260=DIRECTION('',(-1.,0.,0.));
#3261=DIRECTION('center_axis',(0.,0.,-1.));
#3262=DIRECTION('ref_axis',(0.707106781186546,0.707106781186549,0.));
#3263=DIRECTION('',(0.,0.,1.));
#3264=DIRECTION('center_axis',(0.,0.,-1.));
#3265=DIRECTION('ref_axis',(0.707106781186546,0.707106781186549,0.));
#3266=DIRECTION('',(0.,0.,-1.));
#3267=DIRECTION('center_axis',(0.,0.,1.));
#3268=DIRECTION('ref_axis',(-1.,0.,0.));
#3269=DIRECTION('',(0.,1.,0.));
#3270=DIRECTION('center_axis',(0.,0.,1.));
#3271=DIRECTION('ref_axis',(-1.77635683940025E-16,1.,0.));
#3272=DIRECTION('',(0.,-1.,0.));
#3273=DIRECTION('center_axis',(0.,0.,1.));
#3274=DIRECTION('ref_axis',(-1.,2.66453525910038E-16,0.));
#3275=DIRECTION('',(1.,6.34413156928661E-16,0.));
#3276=DIRECTION('center_axis',(0.,0.,1.));
#3277=DIRECTION('ref_axis',(6.21724893790087E-16,-1.,0.));
#3278=DIRECTION('',(0.,1.,0.));
#3279=DIRECTION('center_axis',(0.,0.,1.));
#3280=DIRECTION('ref_axis',(1.,-7.105427357601E-16,0.));
#3281=DIRECTION('',(0.,1.,0.));
#3282=DIRECTION('center_axis',(1.,0.,0.));
#3283=DIRECTION('ref_axis',(0.,0.,-1.));
#3284=DIRECTION('',(0.,0.,1.));
#3285=DIRECTION('center_axis',(-1.,0.,0.));
#3286=DIRECTION('ref_axis',(0.,0.,1.));
#3287=DIRECTION('',(0.,0.,1.));
#3288=DIRECTION('center_axis',(0.,0.,-1.));
#3289=DIRECTION('ref_axis',(1.,-8.98751972315603E-16,0.));
#3290=DIRECTION('center_axis',(0.,0.,-1.));
#3291=DIRECTION('ref_axis',(1.,-8.98751972315603E-16,0.));
#3292=DIRECTION('',(0.,0.,-1.));
#3293=DIRECTION('center_axis',(0.,0.,1.));
#3294=DIRECTION('ref_axis',(1.,-8.98751972315603E-16,0.));
#3295=DIRECTION('',(0.,0.,-1.));
#3296=DIRECTION('center_axis',(-9.51619735392992E-16,1.,0.));
#3297=DIRECTION('ref_axis',(1.,9.51619735392992E-16,0.));
#3298=DIRECTION('',(-1.,-9.51619735392992E-16,0.));
#3299=DIRECTION('',(1.,9.51619735392992E-16,0.));
#3300=DIRECTION('',(0.,0.,-1.));
#3301=DIRECTION('center_axis',(0.,0.,-1.));
#3302=DIRECTION('ref_axis',(1.58603289232165E-16,-1.,0.));
#3303=DIRECTION('center_axis',(0.,0.,-1.));
#3304=DIRECTION('ref_axis',(1.58603289232165E-16,-1.,0.));
#3305=DIRECTION('center_axis',(0.,0.,1.));
#3306=DIRECTION('ref_axis',(1.58603289232165E-16,-1.,0.));
#3307=DIRECTION('',(0.,0.,-1.));
#3308=DIRECTION('center_axis',(1.,6.16790569236198E-17,0.));
#3309=DIRECTION('ref_axis',(6.16790569236198E-17,-1.,0.));
#3310=DIRECTION('',(-6.16790569236198E-17,1.,0.));
#3311=DIRECTION('',(6.16790569236198E-17,-1.,0.));
#3312=DIRECTION('',(0.,0.,-1.));
#3313=DIRECTION('center_axis',(0.,0.,-1.));
#3314=DIRECTION('ref_axis',(-1.,0.,0.));
#3315=DIRECTION('center_axis',(0.,0.,-1.));
#3316=DIRECTION('ref_axis',(-1.,0.,0.));
#3317=DIRECTION('center_axis',(0.,0.,1.));
#3318=DIRECTION('ref_axis',(-1.,0.,0.));
#3319=DIRECTION('',(0.,0.,-1.));
#3320=DIRECTION('center_axis',(0.,-1.,0.));
#3321=DIRECTION('ref_axis',(-1.,0.,0.));
#3322=DIRECTION('',(1.,0.,0.));
#3323=DIRECTION('',(-1.,0.,0.));
#3324=DIRECTION('',(0.,0.,-1.));
#3325=DIRECTION('center_axis',(0.,0.,-1.));
#3326=DIRECTION('ref_axis',(-2.11471052309553E-16,1.,0.));
#3327=DIRECTION('center_axis',(0.,0.,-1.));
#3328=DIRECTION('ref_axis',(-2.11471052309553E-16,1.,0.));
#3329=DIRECTION('center_axis',(0.,0.,1.));
#3330=DIRECTION('ref_axis',(-2.11471052309553E-16,1.,0.));
#3331=DIRECTION('',(0.,0.,-1.));
#3332=DIRECTION('center_axis',(-1.,1.2335811384724E-16,0.));
#3333=DIRECTION('ref_axis',(1.2335811384724E-16,1.,0.));
#3334=DIRECTION('',(-1.2335811384724E-16,-1.,0.));
#3335=DIRECTION('',(1.2335811384724E-16,1.,0.));
#3336=DIRECTION('center_axis',(0.,0.,-1.));
#3337=DIRECTION('ref_axis',(-1.,0.,0.));
#3338=DIRECTION('',(0.,0.,-1.));
#3339=DIRECTION('center_axis',(0.,0.,-1.));
#3340=DIRECTION('ref_axis',(-1.,0.,0.));
#3341=DIRECTION('',(0.,0.,-1.));
#3342=DIRECTION('center_axis',(-1.,-6.16790569236198E-17,0.));
#3343=DIRECTION('ref_axis',(-6.16790569236198E-17,1.,0.));
#3344=DIRECTION('',(-6.16790569236198E-17,1.,0.));
#3345=DIRECTION('',(0.,0.,-1.));
#3346=DIRECTION('center_axis',(0.,0.,-1.));
#3347=DIRECTION('ref_axis',(1.44811698864151E-16,-1.,0.));
#3348=DIRECTION('center_axis',(0.,0.,-1.));
#3349=DIRECTION('ref_axis',(1.44811698864151E-16,-1.,0.));
#3350=DIRECTION('',(0.,0.,-1.));
#3351=DIRECTION('center_axis',(9.51619735392993E-16,-1.,0.));
#3352=DIRECTION('ref_axis',(-1.,-9.51619735392993E-16,0.));
#3353=DIRECTION('',(-1.,-9.51619735392993E-16,0.));
#3354=DIRECTION('',(0.,0.,-1.));
#3355=DIRECTION('center_axis',(0.,0.,-1.));
#3356=DIRECTION('ref_axis',(1.,-7.72329060608804E-16,0.));
#3357=DIRECTION('center_axis',(0.,0.,-1.));
#3358=DIRECTION('ref_axis',(1.,-7.72329060608804E-16,0.));
#3359=DIRECTION('',(0.,0.,-1.));
#3360=DIRECTION('center_axis',(1.,-6.16790569236198E-17,0.));
#3361=DIRECTION('ref_axis',(-6.16790569236198E-17,-1.,0.));
#3362=DIRECTION('',(-6.16790569236198E-17,-1.,0.));
#3363=DIRECTION('',(0.,0.,-1.));
#3364=DIRECTION('center_axis',(0.,0.,-1.));
#3365=DIRECTION('ref_axis',(-1.44811698864151E-16,1.,0.));
#3366=DIRECTION('center_axis',(0.,0.,-1.));
#3367=DIRECTION('ref_axis',(-1.44811698864151E-16,1.,0.));
#3368=DIRECTION('',(0.,0.,-1.));
#3369=DIRECTION('center_axis',(0.,1.,0.));
#3370=DIRECTION('ref_axis',(1.,0.,0.));
#3371=DIRECTION('',(1.,0.,0.));
#3372=DIRECTION('center_axis',(0.,0.,-1.));
#3373=DIRECTION('ref_axis',(1.,0.,0.));
#3374=DIRECTION('center_axis',(0.,0.,1.));
#3375=DIRECTION('ref_axis',(1.,-7.105427357601E-16,0.));
#3376=DIRECTION('',(0.,0.,1.));
#3377=DIRECTION('center_axis',(1.,0.,0.));
#3378=DIRECTION('ref_axis',(0.,1.,0.));
#3379=DIRECTION('',(0.,0.,1.));
#3380=DIRECTION('center_axis',(0.,0.,1.));
#3381=DIRECTION('ref_axis',(6.21724893790087E-16,-1.,0.));
#3382=DIRECTION('',(0.,0.,1.));
#3383=DIRECTION('center_axis',(6.34413156928661E-16,-1.,0.));
#3384=DIRECTION('ref_axis',(1.,6.34413156928661E-16,0.));
#3385=DIRECTION('',(0.,0.,1.));
#3386=DIRECTION('center_axis',(0.,0.,1.));
#3387=DIRECTION('ref_axis',(-1.,2.66453525910038E-16,0.));
#3388=DIRECTION('',(0.,0.,1.));
#3389=DIRECTION('center_axis',(-1.,0.,0.));
#3390=DIRECTION('ref_axis',(0.,-1.,0.));
#3391=DIRECTION('',(0.,0.,1.));
#3392=DIRECTION('center_axis',(0.,0.,1.));
#3393=DIRECTION('ref_axis',(-1.77635683940025E-16,1.,0.));
#3394=DIRECTION('center_axis',(0.,0.,1.));
#3395=DIRECTION('ref_axis',(-1.,0.,0.));
#3396=CARTESIAN_POINT('',(0.,0.,0.));
#3397=CARTESIAN_POINT('Origin',(28.5,35.0000005215406,32.3793373971506));
#3398=CARTESIAN_POINT('',(41.5,78.0000005215406,32.3793373971506));
#3399=CARTESIAN_POINT('',(28.5,78.0000005215406,32.3793373971506));
#3400=CARTESIAN_POINT('',(35.,78.0000005215406,32.3793373971506));
#3401=CARTESIAN_POINT('',(28.5,80.0000005215406,32.3793373971506));
#3402=CARTESIAN_POINT('',(28.5,93.2036756718569,32.3793373971505));
#3403=CARTESIAN_POINT('',(41.5,80.0000005215406,32.3793373971506));
#3404=CARTESIAN_POINT('',(28.5,80.0000005215406,32.3793373971506));
#3405=CARTESIAN_POINT('',(43.5,78.0000005215406,32.3793373971506));
#3406=CARTESIAN_POINT('Origin',(41.5,78.0000005215406,32.3793373971506));
#3407=CARTESIAN_POINT('',(43.5,37.0000005215406,32.3793373971506));
#3408=CARTESIAN_POINT('',(43.5,80.0000005215406,32.3793373971506));
#3409=CARTESIAN_POINT('',(41.5,35.0000005215406,32.3793373971506));
#3410=CARTESIAN_POINT('Origin',(41.5,37.0000005215406,32.3793373971506));
#3411=CARTESIAN_POINT('',(28.5,35.0000005215406,32.3793373971506));
#3412=CARTESIAN_POINT('',(28.5,35.0000005215406,32.3793373971506));
#3413=CARTESIAN_POINT('',(28.5,37.0000005215406,32.3793373971506));
#3414=CARTESIAN_POINT('',(28.5,93.2036756718569,32.3793373971505));
#3415=CARTESIAN_POINT('',(41.5,37.0000005215406,32.3793373971506));
#3416=CARTESIAN_POINT('',(29.5,37.0000005215406,32.3793373971506));
#3417=CARTESIAN_POINT('',(41.5,36.0000005215406,32.3793373971506));
#3418=CARTESIAN_POINT('Origin',(41.5,37.0000005215406,56.4251378860559));
#3419=CARTESIAN_POINT('',(41.5,35.0000005215406,56.4251378860559));
#3420=CARTESIAN_POINT('',(43.0972710200946,37.0000005215406,57.62876793236));
#3421=CARTESIAN_POINT('Origin',(41.5,37.0000005215406,56.4251378860559));
#3422=CARTESIAN_POINT('',(43.5,37.0000005215406,56.4251378860559));
#3423=CARTESIAN_POINT('Origin',(41.5,37.0000005215406,56.4251378860559));
#3424=CARTESIAN_POINT('Origin',(41.5,37.0000005215406,56.4251378860559));
#3425=CARTESIAN_POINT('Origin',(41.5,37.0000005215406,50.8448349863123));
#3426=CARTESIAN_POINT('',(43.5,37.0000005215406,50.8448349863123));
#3427=CARTESIAN_POINT('',(41.5,35.0000005215406,50.8448349863123));
#3428=CARTESIAN_POINT('Origin',(41.5,78.0000005215406,56.4251378860559));
#3429=CARTESIAN_POINT('',(43.5,78.0000005215406,56.4251378860559));
#3430=CARTESIAN_POINT('',(43.0972710200946,78.0000005215406,57.62876793236));
#3431=CARTESIAN_POINT('Origin',(41.5,78.0000005215406,56.4251378860559));
#3432=CARTESIAN_POINT('',(41.5,80.0000005215406,56.4251378860559));
#3433=CARTESIAN_POINT('Origin',(41.5,78.0000005215406,56.4251378860559));
#3434=CARTESIAN_POINT('Origin',(41.5,78.0000005215406,56.4251378860559));
#3435=CARTESIAN_POINT('Origin',(41.5,78.0000005215406,38.5345032602045));
#3436=CARTESIAN_POINT('',(41.5,80.0000005215406,38.5345032602045));
#3437=CARTESIAN_POINT('',(43.5,78.0000005215406,38.5345032602045));
#3438=CARTESIAN_POINT('Origin',(37.6257626358978,78.0000005215406,61.5664245178159));
#3439=CARTESIAN_POINT('',(28.5,80.0000005215406,73.6767205671212));
#3440=CARTESIAN_POINT('',(28.5,78.0000005215406,77.0000008493662));
#3441=CARTESIAN_POINT('Origin',(28.5,78.0000005215406,73.6767205671212));
#3442=CARTESIAN_POINT('',(39.2230336559924,78.0000005215406,62.7700545641201));
#3443=CARTESIAN_POINT('',(37.6257626358978,80.0000005215406,61.5664245178159));
#3444=CARTESIAN_POINT('Origin',(41.5,68.7500005215406,56.4251378860559));
#3445=CARTESIAN_POINT('',(43.0972710200946,68.7500005215406,57.62876793236));
#3446=CARTESIAN_POINT('',(43.5,68.7500005215406,56.4251378860559));
#3447=CARTESIAN_POINT('Origin',(31.709037459597,37.0000005215406,69.4181840239771));
#3448=CARTESIAN_POINT('',(28.5,37.0000005215406,77.0000008493662));
#3449=CARTESIAN_POINT('',(28.5,35.0000005215406,73.6767205671212));
#3450=CARTESIAN_POINT('Origin',(28.5,37.0000005215406,73.6767205671212));
#3451=CARTESIAN_POINT('',(31.709037459597,35.0000005215406,69.4181840239771));
#3452=CARTESIAN_POINT('',(33.3063084796916,37.0000005215406,70.6218140702812));
#3453=CARTESIAN_POINT('Origin',(43.5,57.5000005215406,44.6896691232584));
#3454=CARTESIAN_POINT('Origin',(28.5,35.0000005215406,57.0000008493662));
#3455=CARTESIAN_POINT('',(28.5,35.0000005215406,113.500000424683));
#3456=CARTESIAN_POINT('Origin',(28.5,80.0000005215406,77.0000008493662));
#3457=CARTESIAN_POINT('',(28.5,115.703675671857,77.0000008493662));
#3458=CARTESIAN_POINT('Origin',(28.5,151.407350822173,170.));
#3459=CARTESIAN_POINT('',(28.5,31.35,170.));
#3460=CARTESIAN_POINT('',(28.5,151.407350822173,170.));
#3461=CARTESIAN_POINT('',(28.5,109.028675411087,170.));
#3462=CARTESIAN_POINT('',(28.5,31.35,28.));
#3463=CARTESIAN_POINT('',(28.5,31.35,170.));
#3464=CARTESIAN_POINT('',(28.5,151.407350822173,28.));
#3465=CARTESIAN_POINT('',(28.5,151.407350822173,28.));
#3466=CARTESIAN_POINT('',(28.5,151.407350822173,170.));
#3467=CARTESIAN_POINT('',(28.5,80.0000005215406,113.500000424683));
#3468=CARTESIAN_POINT('',(28.5,78.0000005215406,54.3793373971506));
#3469=CARTESIAN_POINT('',(28.5,78.0000005215406,32.3793373971506));
#3470=CARTESIAN_POINT('',(28.5,37.0000005215406,54.3793373971506));
#3471=CARTESIAN_POINT('',(28.5,37.0000005215406,54.3793373971506));
#3472=CARTESIAN_POINT('',(28.5,37.0000005215406,32.3793373971506));
#3473=CARTESIAN_POINT('Origin',(41.5,78.0000005215406,32.3793373971506));
#3474=CARTESIAN_POINT('',(41.5,78.0000005215406,54.3793373971506));
#3475=CARTESIAN_POINT('',(41.5,78.0000005215406,32.3793373971506));
#3476=CARTESIAN_POINT('',(30.5,78.0000005215406,54.3793373971506));
#3477=CARTESIAN_POINT('Origin',(41.5,37.0000005215406,32.3793373971506));
#3478=CARTESIAN_POINT('',(41.5,37.0000005215406,54.3793373971506));
#3479=CARTESIAN_POINT('',(41.5,37.0000005215406,32.3793373971506));
#3480=CARTESIAN_POINT('',(41.5,78.0000005215406,54.3793373971506));
#3481=CARTESIAN_POINT('Origin',(30.5,37.0000005215406,32.3793373971506));
#3482=CARTESIAN_POINT('',(41.5,37.0000005215406,54.3793373971506));
#3483=CARTESIAN_POINT('Origin',(36.,57.5000005215406,54.3793373971506));
#3484=CARTESIAN_POINT('Origin',(28.5,80.0000005215406,32.3793373971506));
#3485=CARTESIAN_POINT('Origin',(7.34420539806009,1.29136253421721,0.));
#3486=CARTESIAN_POINT('',(8.7552774259426,1.29136253421721,5.));
#3487=CARTESIAN_POINT('',(8.7552774259426,1.29136253421721,0.));
#3488=CARTESIAN_POINT('',(8.7552774259426,1.29136253421721,0.));
#3489=CARTESIAN_POINT('',(26.3183373867959,1.29136253421721,5.));
#3490=CARTESIAN_POINT('',(7.34420539806009,1.29136253421721,5.));
#3491=CARTESIAN_POINT('',(26.3183373867959,1.29136253421721,0.));
#3492=CARTESIAN_POINT('',(26.3183373867959,1.29136253421721,170.));
#3493=CARTESIAN_POINT('',(7.34420539806009,1.29136253421721,0.));
#3494=CARTESIAN_POINT('Origin',(27.5944105325729,-1.40742625216465,0.));
#3495=CARTESIAN_POINT('',(8.73737096297953,-1.40742625216465,0.));
#3496=CARTESIAN_POINT('',(8.73737096297953,-1.40742625216465,5.));
#3497=CARTESIAN_POINT('',(8.73737096297953,-1.40742625216465,0.));
#3498=CARTESIAN_POINT('',(26.3123858922888,-1.40742625216465,0.));
#3499=CARTESIAN_POINT('',(27.5944105325729,-1.40742625216465,0.));
#3500=CARTESIAN_POINT('',(26.3123858922888,-1.40742625216465,5.));
#3501=CARTESIAN_POINT('',(26.3123858922888,-1.40742625216465,170.));
#3502=CARTESIAN_POINT('',(27.5944105325729,-1.40742625216465,5.));
#3503=CARTESIAN_POINT('Origin',(0.,0.,0.));
#3504=CARTESIAN_POINT('',(-8.7552774259426,1.29136253421721,0.));
#3505=CARTESIAN_POINT('Origin',(0.,0.,0.));
#3506=CARTESIAN_POINT('',(-8.7552774259426,1.29136253421721,5.));
#3507=CARTESIAN_POINT('',(-8.7552774259426,1.29136253421721,0.));
#3508=CARTESIAN_POINT('Origin',(0.,0.,5.));
#3509=CARTESIAN_POINT('Origin',(0.,0.,0.));
#3510=CARTESIAN_POINT('',(-8.73737096297953,-1.40742625216465,5.));
#3511=CARTESIAN_POINT('Origin',(0.,0.,5.));
#3512=CARTESIAN_POINT('',(-8.73737096297953,-1.40742625216465,0.));
#3513=CARTESIAN_POINT('',(-8.73737096297953,-1.40742625216465,0.));
#3514=CARTESIAN_POINT('Origin',(0.,0.,0.));
#3515=CARTESIAN_POINT('Origin',(0.,0.,5.));
#3516=CARTESIAN_POINT('',(-26.3183373867959,1.29136253421721,5.));
#3517=CARTESIAN_POINT('',(-7.34420539806009,1.29136253421721,5.));
#3518=CARTESIAN_POINT('',(-26.3123858922888,-1.40742625216465,5.));
#3519=CARTESIAN_POINT('Origin',(0.,0.,5.));
#3520=CARTESIAN_POINT('',(-27.5944105325729,-1.40742625216465,5.));
#3521=CARTESIAN_POINT('',(26.35,-3.22694431575328E-15,5.));
#3522=CARTESIAN_POINT('Origin',(0.,0.,5.));
#3523=CARTESIAN_POINT('Origin',(0.,0.,5.));
#3524=CARTESIAN_POINT('',(6.85,8.38883057415937E-16,5.));
#3525=CARTESIAN_POINT('Origin',(0.,0.,5.));
#3526=CARTESIAN_POINT('Origin',(0.,0.,170.));
#3527=CARTESIAN_POINT('',(26.35,3.22694431575328E-15,170.));
#3528=CARTESIAN_POINT('',(26.35,-3.22694431575328E-15,170.));
#3529=CARTESIAN_POINT('Origin',(0.,0.,170.));
#3530=CARTESIAN_POINT('',(-26.3123858922888,-1.40742625216465,0.));
#3531=CARTESIAN_POINT('Origin',(0.,0.,0.));
#3532=CARTESIAN_POINT('',(-26.3123858922888,-1.40742625216465,170.));
#3533=CARTESIAN_POINT('',(-26.3183373867959,1.29136253421721,0.));
#3534=CARTESIAN_POINT('',(-26.3183373867959,1.29136253421721,170.));
#3535=CARTESIAN_POINT('Origin',(0.,0.,0.));
#3536=CARTESIAN_POINT('Origin',(-27.5944105325729,-1.40742625216465,0.));
#3537=CARTESIAN_POINT('',(-27.5944105325729,-1.40742625216465,0.));
#3538=CARTESIAN_POINT('Origin',(-7.34420539806009,1.29136253421721,0.));
#3539=CARTESIAN_POINT('',(-7.34420539806009,1.29136253421721,0.));
#3540=CARTESIAN_POINT('Origin',(0.,0.,0.));
#3541=CARTESIAN_POINT('',(6.85,8.38883057415937E-16,0.));
#3542=CARTESIAN_POINT('',(6.85,8.38883057415937E-16,0.));
#3543=CARTESIAN_POINT('Origin',(0.,0.,0.));
#3544=CARTESIAN_POINT('Origin',(31.5,52.15,176.519259301592));
#3545=CARTESIAN_POINT('',(32.,102.65,183.));
#3546=CARTESIAN_POINT('',(38.,102.65,176.519259301592));
#3547=CARTESIAN_POINT('Origin',(31.5,102.65,176.519259301592));
#3548=CARTESIAN_POINT('',(38.,134.65,176.519259301592));
#3549=CARTESIAN_POINT('',(38.,52.15,176.519259301592));
#3550=CARTESIAN_POINT('',(32.,134.65,183.));
#3551=CARTESIAN_POINT('Origin',(31.5,134.65,176.519259301592));
#3552=CARTESIAN_POINT('',(32.,52.15,183.));
#3553=CARTESIAN_POINT('Origin',(32.,134.65,172.));
#3554=CARTESIAN_POINT('',(38.,134.65,172.));
#3555=CARTESIAN_POINT('',(38.,134.65,183.));
#3556=CARTESIAN_POINT('',(32.,134.65,172.));
#3557=CARTESIAN_POINT('',(32.,134.65,172.));
#3558=CARTESIAN_POINT('',(32.,134.65,171.));
#3559=CARTESIAN_POINT('Origin',(38.,118.65,177.5));
#3560=CARTESIAN_POINT('',(38.,102.65,172.));
#3561=CARTESIAN_POINT('',(38.,102.65,171.));
#3562=CARTESIAN_POINT('',(38.,103.65,172.));
#3563=CARTESIAN_POINT('Origin',(31.,133.65,183.732050807569));
#3564=CARTESIAN_POINT('',(37.7735026918963,133.65,172.));
#3565=CARTESIAN_POINT('',(37.7735026918963,103.65,172.));
#3566=CARTESIAN_POINT('',(37.7735026918963,133.65,172.));
#3567=CARTESIAN_POINT('',(30.,103.65,185.464101615138));
#3568=CARTESIAN_POINT('',(31.25,103.65,183.299038105677));
#3569=CARTESIAN_POINT('',(30.,133.65,185.464101615138));
#3570=CARTESIAN_POINT('',(30.,136.15,185.464101615138));
#3571=CARTESIAN_POINT('',(33.4150635094611,133.65,179.549038105677));
#3572=CARTESIAN_POINT('Origin',(32.,133.65,172.));
#3573=CARTESIAN_POINT('',(32.,103.65,172.));
#3574=CARTESIAN_POINT('',(32.,102.65,172.));
#3575=CARTESIAN_POINT('',(32.,36.15,172.));
#3576=CARTESIAN_POINT('',(32.,103.65,172.));
#3577=CARTESIAN_POINT('',(32.,133.65,172.));
#3578=CARTESIAN_POINT('',(32.,133.65,172.));
#3579=CARTESIAN_POINT('',(32.,51.65,172.));
#3580=CARTESIAN_POINT('',(32.,102.65,172.));
#3581=CARTESIAN_POINT('Origin',(32.,102.65,183.));
#3582=CARTESIAN_POINT('',(32.,102.65,176.5));
#3583=CARTESIAN_POINT('Origin',(30.,103.65,182.));
#3584=CARTESIAN_POINT('',(30.,103.65,172.));
#3585=CARTESIAN_POINT('',(30.,103.65,172.));
#3586=CARTESIAN_POINT('',(30.,103.65,177.));
#3587=CARTESIAN_POINT('Origin',(30.,133.65,172.));
#3588=CARTESIAN_POINT('',(30.,133.65,172.));
#3589=CARTESIAN_POINT('',(30.,133.65,172.));
#3590=CARTESIAN_POINT('',(30.,133.65,172.));
#3591=CARTESIAN_POINT('Origin',(30.,138.65,172.));
#3592=CARTESIAN_POINT('',(30.,-5.35,172.));
#3593=CARTESIAN_POINT('',(30.,102.65,172.));
#3594=CARTESIAN_POINT('',(30.,-5.35,217.));
#3595=CARTESIAN_POINT('',(30.,-5.35,172.));
#3596=CARTESIAN_POINT('',(30.,138.65,217.));
#3597=CARTESIAN_POINT('',(30.,-5.35,217.));
#3598=CARTESIAN_POINT('',(30.,138.65,172.));
#3599=CARTESIAN_POINT('',(30.,138.65,172.));
#3600=CARTESIAN_POINT('',(30.,102.65,172.));
#3601=CARTESIAN_POINT('Origin',(26.5,149.407350822173,28.));
#3602=CARTESIAN_POINT('',(26.5,149.407350822173,28.));
#3603=CARTESIAN_POINT('',(22.5,149.407350822173,28.));
#3604=CARTESIAN_POINT('',(13.25,149.407350822173,28.));
#3605=CARTESIAN_POINT('',(26.5,149.407350822173,170.));
#3606=CARTESIAN_POINT('',(26.5,149.407350822173,28.));
#3607=CARTESIAN_POINT('',(22.5,149.407350822173,170.));
#3608=CARTESIAN_POINT('',(26.5,149.407350822173,170.));
#3609=CARTESIAN_POINT('',(22.5,149.407350822173,28.));
#3610=CARTESIAN_POINT('Origin',(26.5,147.407350822173,28.));
#3611=CARTESIAN_POINT('',(26.5,147.407350822173,28.));
#3612=CARTESIAN_POINT('',(26.5,119.39301311663,28.));
#3613=CARTESIAN_POINT('',(26.5,147.407350822173,170.));
#3614=CARTESIAN_POINT('',(26.5,147.407350822173,28.));
#3615=CARTESIAN_POINT('',(26.5,147.407350822173,170.));
#3616=CARTESIAN_POINT('Origin',(22.5,147.407350822173,28.));
#3617=CARTESIAN_POINT('',(22.5,147.407350822173,28.));
#3618=CARTESIAN_POINT('',(11.25,147.407350822173,28.));
#3619=CARTESIAN_POINT('',(22.5,147.407350822173,170.));
#3620=CARTESIAN_POINT('',(22.5,147.407350822173,28.));
#3621=CARTESIAN_POINT('',(22.5,147.407350822173,170.));
#3622=CARTESIAN_POINT('Origin',(22.5,145.407350822173,28.));
#3623=CARTESIAN_POINT('',(22.5,145.407350822173,28.));
#3624=CARTESIAN_POINT('',(22.5,118.39301311663,28.));
#3625=CARTESIAN_POINT('',(22.5,145.407350822173,30.));
#3626=CARTESIAN_POINT('',(22.5,145.407350822173,28.));
#3627=CARTESIAN_POINT('',(22.5,145.407350822173,170.));
#3628=CARTESIAN_POINT('',(22.5,145.407350822173,99.));
#3629=CARTESIAN_POINT('',(22.5,145.407350822173,170.));
#3630=CARTESIAN_POINT('Origin',(-22.5,145.407350822173,28.));
#3631=CARTESIAN_POINT('',(-22.5,145.407350822173,30.));
#3632=CARTESIAN_POINT('',(13.25,145.407350822173,30.));
#3633=CARTESIAN_POINT('',(-22.5,145.407350822173,28.));
#3634=CARTESIAN_POINT('',(-11.25,145.407350822173,28.));
#3635=CARTESIAN_POINT('',(-22.5,145.407350822173,28.));
#3636=CARTESIAN_POINT('Origin',(-22.5,147.407350822173,28.));
#3637=CARTESIAN_POINT('',(-22.5,147.407350822173,28.));
#3638=CARTESIAN_POINT('',(-22.5,119.39301311663,28.));
#3639=CARTESIAN_POINT('',(-22.5,147.407350822173,170.));
#3640=CARTESIAN_POINT('',(-22.5,147.407350822173,28.));
#3641=CARTESIAN_POINT('',(-22.5,145.407350822173,170.));
#3642=CARTESIAN_POINT('',(-22.5,147.407350822173,170.));
#3643=CARTESIAN_POINT('',(-22.5,145.407350822173,99.));
#3644=CARTESIAN_POINT('Origin',(-26.5,147.407350822173,28.));
#3645=CARTESIAN_POINT('',(-26.5,147.407350822173,28.));
#3646=CARTESIAN_POINT('',(-13.25,147.407350822173,28.));
#3647=CARTESIAN_POINT('',(-26.5,147.407350822173,170.));
#3648=CARTESIAN_POINT('',(-26.5,147.407350822173,28.));
#3649=CARTESIAN_POINT('',(-26.5,147.407350822173,170.));
#3650=CARTESIAN_POINT('Origin',(-26.5,149.407350822173,28.));
#3651=CARTESIAN_POINT('',(-26.5,149.407350822173,28.));
#3652=CARTESIAN_POINT('',(-26.5,120.39301311663,28.));
#3653=CARTESIAN_POINT('',(-26.5,149.407350822173,170.));
#3654=CARTESIAN_POINT('',(-26.5,149.407350822173,28.));
#3655=CARTESIAN_POINT('',(-26.5,149.407350822173,170.));
#3656=CARTESIAN_POINT('Origin',(-22.5,149.407350822173,28.));
#3657=CARTESIAN_POINT('',(-22.5,149.407350822173,28.));
#3658=CARTESIAN_POINT('',(-11.25,149.407350822173,28.));
#3659=CARTESIAN_POINT('',(-22.5,149.407350822173,170.));
#3660=CARTESIAN_POINT('',(-22.5,149.407350822173,28.));
#3661=CARTESIAN_POINT('',(-22.5,149.407350822173,170.));
#3662=CARTESIAN_POINT('Origin',(-22.5,151.407350822173,28.));
#3663=CARTESIAN_POINT('',(-22.5,151.407350822173,28.));
#3664=CARTESIAN_POINT('',(-22.5,121.39301311663,28.));
#3665=CARTESIAN_POINT('',(-22.5,151.407350822173,170.));
#3666=CARTESIAN_POINT('',(-22.5,151.407350822173,99.));
#3667=CARTESIAN_POINT('',(-22.5,151.407350822173,170.));
#3668=CARTESIAN_POINT('Origin',(22.5,149.407350822173,28.));
#3669=CARTESIAN_POINT('',(22.5,151.407350822173,28.));
#3670=CARTESIAN_POINT('',(22.5,120.39301311663,28.));
#3671=CARTESIAN_POINT('',(22.5,151.407350822173,170.));
#3672=CARTESIAN_POINT('',(22.5,151.407350822173,170.));
#3673=CARTESIAN_POINT('',(22.5,151.407350822173,99.));
#3674=CARTESIAN_POINT('Origin',(26.5,145.407350822173,170.));
#3675=CARTESIAN_POINT('',(26.5,145.407350822173,30.));
#3676=CARTESIAN_POINT('',(13.25,145.407350822173,30.));
#3677=CARTESIAN_POINT('',(26.5,145.407350822173,170.));
#3678=CARTESIAN_POINT('',(26.5,145.407350822173,170.));
#3679=CARTESIAN_POINT('',(13.25,145.407350822173,170.));
#3680=CARTESIAN_POINT('Origin',(26.5,145.407350822173,170.));
#3681=CARTESIAN_POINT('',(-26.5,145.407350822173,170.));
#3682=CARTESIAN_POINT('',(13.25,145.407350822173,170.));
#3683=CARTESIAN_POINT('',(-26.5,145.407350822173,30.));
#3684=CARTESIAN_POINT('',(-26.5,145.407350822173,170.));
#3685=CARTESIAN_POINT('',(13.25,145.407350822173,30.));
#3686=CARTESIAN_POINT('Origin',(26.5,33.35,170.));
#3687=CARTESIAN_POINT('',(26.5,33.35,30.));
#3688=CARTESIAN_POINT('',(26.5,149.407350822173,30.));
#3689=CARTESIAN_POINT('',(26.5,33.35,170.));
#3690=CARTESIAN_POINT('',(26.5,33.35,170.));
#3691=CARTESIAN_POINT('',(26.5,50.,170.));
#3692=CARTESIAN_POINT('Origin',(0.,91.3786754110866,30.));
#3693=CARTESIAN_POINT('',(-26.5,33.35,30.));
#3694=CARTESIAN_POINT('',(-26.5,33.35,30.));
#3695=CARTESIAN_POINT('',(-26.5,33.35,30.));
#3696=CARTESIAN_POINT('Origin',(-26.5,33.35,170.));
#3697=CARTESIAN_POINT('',(-26.5,33.35,170.));
#3698=CARTESIAN_POINT('',(-13.25,33.35,170.));
#3699=CARTESIAN_POINT('',(-26.5,33.35,170.));
#3700=CARTESIAN_POINT('Origin',(-26.5,149.407350822173,170.));
#3701=CARTESIAN_POINT('',(-26.5,108.028675411087,170.));
#3702=CARTESIAN_POINT('Origin',(-28.5,151.407350822173,170.));
#3703=CARTESIAN_POINT('',(-28.5,151.407350822173,28.));
#3704=CARTESIAN_POINT('',(-28.5,151.407350822173,28.));
#3705=CARTESIAN_POINT('',(-28.5,151.407350822173,170.));
#3706=CARTESIAN_POINT('',(-28.5,151.407350822173,170.));
#3707=CARTESIAN_POINT('',(-14.25,151.407350822173,170.));
#3708=CARTESIAN_POINT('Origin',(-28.5,151.407350822173,170.));
#3709=CARTESIAN_POINT('',(-14.25,151.407350822173,170.));
#3710=CARTESIAN_POINT('',(-28.5,151.407350822173,28.));
#3711=CARTESIAN_POINT('Origin',(0.,0.,165.));
#3712=CARTESIAN_POINT('',(8.85,1.08381241724541E-15,165.));
#3713=CARTESIAN_POINT('Origin',(0.,0.,165.));
#3714=CARTESIAN_POINT('',(6.85,8.38883057415937E-16,165.));
#3715=CARTESIAN_POINT('Origin',(0.,0.,165.));
#3716=CARTESIAN_POINT('Origin',(0.,0.,170.));
#3717=CARTESIAN_POINT('',(8.85,1.08381241724541E-15,170.));
#3718=CARTESIAN_POINT('',(8.85,-1.08381241724541E-15,170.));
#3719=CARTESIAN_POINT('Origin',(0.,0.,170.));
#3720=CARTESIAN_POINT('Origin',(0.,0.,170.));
#3721=CARTESIAN_POINT('',(6.85,8.38883057415937E-16,172.));
#3722=CARTESIAN_POINT('',(6.85,-8.38883057415937E-16,170.));
#3723=CARTESIAN_POINT('Origin',(0.,0.,172.));
#3724=CARTESIAN_POINT('Origin',(0.,0.,0.));
#3725=CARTESIAN_POINT('',(28.35,3.47187367558275E-15,0.));
#3726=CARTESIAN_POINT('Origin',(0.,0.,0.));
#3727=CARTESIAN_POINT('Origin',(0.,0.,170.));
#3728=CARTESIAN_POINT('',(28.35,3.47187367558275E-15,170.));
#3729=CARTESIAN_POINT('',(28.35,-3.47187367558275E-15,170.));
#3730=CARTESIAN_POINT('Origin',(0.,0.,170.));
#3731=CARTESIAN_POINT('Origin',(0.,66.65,172.));
#3732=CARTESIAN_POINT('',(32.,36.65,172.));
#3733=CARTESIAN_POINT('',(7.,161.65,172.));
#3734=CARTESIAN_POINT('Origin',(7.,138.65,172.));
#3735=CARTESIAN_POINT('',(-7.,161.65,172.));
#3736=CARTESIAN_POINT('',(-3.5,161.65,172.));
#3737=CARTESIAN_POINT('',(-30.,138.65,172.));
#3738=CARTESIAN_POINT('Origin',(-7.,138.65,172.));
#3739=CARTESIAN_POINT('',(-30.,-5.35,172.));
#3740=CARTESIAN_POINT('',(-30.,30.65,172.));
#3741=CARTESIAN_POINT('',(-7.,-28.35,172.));
#3742=CARTESIAN_POINT('Origin',(-7.,-5.35000000000001,172.));
#3743=CARTESIAN_POINT('',(6.99999999999998,-28.35,172.));
#3744=CARTESIAN_POINT('',(3.50000000000004,-28.35,172.));
#3745=CARTESIAN_POINT('Origin',(6.99999999999998,-5.34999999999998,172.));
#3746=CARTESIAN_POINT('Origin',(32.,163.65,170.));
#3747=CARTESIAN_POINT('',(-7.,163.65,217.));
#3748=CARTESIAN_POINT('',(-7.,163.65,170.));
#3749=CARTESIAN_POINT('',(-7.,163.65,170.));
#3750=CARTESIAN_POINT('',(7.,163.65,217.));
#3751=CARTESIAN_POINT('',(7.,163.65,217.));
#3752=CARTESIAN_POINT('',(7.,163.65,170.));
#3753=CARTESIAN_POINT('',(7.,163.65,170.));
#3754=CARTESIAN_POINT('',(-32.,163.65,170.));
#3755=CARTESIAN_POINT('Origin',(-32.,-30.35,170.));
#3756=CARTESIAN_POINT('',(-7.00000000000001,-30.35,170.));
#3757=CARTESIAN_POINT('',(-7.,-30.35,217.));
#3758=CARTESIAN_POINT('',(-7.00000000000001,-30.35,170.));
#3759=CARTESIAN_POINT('',(7.,-30.35,170.));
#3760=CARTESIAN_POINT('',(32.,-30.35,170.));
#3761=CARTESIAN_POINT('',(7.,-30.35,217.));
#3762=CARTESIAN_POINT('',(7.,-30.35,170.));
#3763=CARTESIAN_POINT('',(-7.,-30.35,217.));
#3764=CARTESIAN_POINT('Origin',(0.,66.65,170.));
#3765=CARTESIAN_POINT('Origin',(7.,-5.35,170.));
#3766=CARTESIAN_POINT('',(32.,-5.35,170.));
#3767=CARTESIAN_POINT('Origin',(7.,-5.35,170.));
#3768=CARTESIAN_POINT('',(32.,-5.35,217.));
#3769=CARTESIAN_POINT('',(32.,-5.35,170.));
#3770=CARTESIAN_POINT('Origin',(6.99999999999999,-5.34999999999998,217.));
#3771=CARTESIAN_POINT('Origin',(32.,-30.35,170.));
#3772=CARTESIAN_POINT('',(32.,138.65,217.));
#3773=CARTESIAN_POINT('',(32.,138.65,170.));
#3774=CARTESIAN_POINT('',(32.,138.65,170.));
#3775=CARTESIAN_POINT('',(32.,-5.35,217.));
#3776=CARTESIAN_POINT('',(32.,163.65,170.));
#3777=CARTESIAN_POINT('Origin',(7.,138.65,170.));
#3778=CARTESIAN_POINT('Origin',(7.,138.65,170.));
#3779=CARTESIAN_POINT('Origin',(7.,138.65,170.));
#3780=CARTESIAN_POINT('Origin',(7.,138.65,217.));
#3781=CARTESIAN_POINT('Origin',(-7.,138.65,170.));
#3782=CARTESIAN_POINT('Origin',(-7.,138.65,170.));
#3783=CARTESIAN_POINT('',(-32.,138.65,170.));
#3784=CARTESIAN_POINT('Origin',(-7.,138.65,170.));
#3785=CARTESIAN_POINT('',(-32.,138.65,217.));
#3786=CARTESIAN_POINT('',(-32.,138.65,170.));
#3787=CARTESIAN_POINT('Origin',(-7.,138.65,217.));
#3788=CARTESIAN_POINT('Origin',(-32.,163.65,170.));
#3789=CARTESIAN_POINT('',(-32.,-5.35,217.));
#3790=CARTESIAN_POINT('',(-32.,-5.35,170.));
#3791=CARTESIAN_POINT('',(-32.,-5.35,170.));
#3792=CARTESIAN_POINT('',(-32.,138.65,217.));
#3793=CARTESIAN_POINT('',(-32.,-30.35,170.));
#3794=CARTESIAN_POINT('Origin',(-7.,-5.35,170.));
#3795=CARTESIAN_POINT('Origin',(-7.,-5.35,170.));
#3796=CARTESIAN_POINT('Origin',(-7.,-5.35000000000001,217.));
#3797=CARTESIAN_POINT('Origin',(0.,66.65,217.));
#3798=CARTESIAN_POINT('',(6.99999999999998,-28.35,217.));
#3799=CARTESIAN_POINT('Origin',(6.99999999999998,-5.34999999999998,217.));
#3800=CARTESIAN_POINT('',(-7.,-28.35,217.));
#3801=CARTESIAN_POINT('',(-7.,-28.35,217.));
#3802=CARTESIAN_POINT('',(-30.,-5.35,217.));
#3803=CARTESIAN_POINT('Origin',(-7.,-5.35000000000001,217.));
#3804=CARTESIAN_POINT('',(-30.,138.65,217.));
#3805=CARTESIAN_POINT('',(-30.,138.65,217.));
#3806=CARTESIAN_POINT('',(-7.,161.65,217.));
#3807=CARTESIAN_POINT('Origin',(-7.,138.65,217.));
#3808=CARTESIAN_POINT('',(7.,161.65,217.));
#3809=CARTESIAN_POINT('',(7.,161.65,217.));
#3810=CARTESIAN_POINT('Origin',(7.,138.65,217.));
#3811=CARTESIAN_POINT('Origin',(6.99999999999998,-5.34999999999998,172.));
#3812=CARTESIAN_POINT('',(6.99999999999998,-28.35,172.));
#3813=CARTESIAN_POINT('Origin',(6.99999999999998,-28.35,172.));
#3814=CARTESIAN_POINT('',(-7.,-28.35,172.));
#3815=CARTESIAN_POINT('Origin',(-7.,-5.35000000000001,172.));
#3816=CARTESIAN_POINT('',(-30.,-5.35,172.));
#3817=CARTESIAN_POINT('Origin',(-30.,-5.35,172.));
#3818=CARTESIAN_POINT('',(-30.,138.65,172.));
#3819=CARTESIAN_POINT('Origin',(-7.,138.65,172.));
#3820=CARTESIAN_POINT('',(-7.,161.65,172.));
#3821=CARTESIAN_POINT('Origin',(-7.,161.65,172.));
#3822=CARTESIAN_POINT('',(7.,161.65,172.));
#3823=CARTESIAN_POINT('Origin',(7.,138.65,172.));
#3824=CARTESIAN_POINT('Origin',(0.,66.65,170.));
#3825=CARTESIAN_POINT('Origin',(0.,66.65,170.));
#3826=CARTESIAN_POINT('',(-28.5,31.35,170.));
#3827=CARTESIAN_POINT('',(-28.5,49.,170.));
#3828=CARTESIAN_POINT('',(14.25,31.35,170.));
#3829=CARTESIAN_POINT('Origin',(28.5,31.35,170.));
#3830=CARTESIAN_POINT('',(-28.5,31.35,28.));
#3831=CARTESIAN_POINT('',(-28.5,31.35,170.));
#3832=CARTESIAN_POINT('',(28.5,31.35,28.));
#3833=CARTESIAN_POINT('Origin',(-28.5,31.35,170.));
#3834=CARTESIAN_POINT('',(-28.5,31.35,28.));
#3835=CARTESIAN_POINT('Origin',(0.,91.3786754110866,28.));
#3836=CARTESIAN_POINT('Origin',(-0.367044737390135,147.424621302336,23.));
#3837=CARTESIAN_POINT('',(-5.36704473739014,150.372809861848,23.));
#3838=CARTESIAN_POINT('',(-0.367044737390135,150.372809861848,18.));
#3839=CARTESIAN_POINT('Origin',(-0.367044737390135,150.372809861848,23.));
#3840=CARTESIAN_POINT('',(-0.367044737390135,146.441891782498,18.));
#3841=CARTESIAN_POINT('',(-0.367044737390135,147.424621302336,18.));
#3842=CARTESIAN_POINT('',(-5.36704473739014,146.441891782498,23.));
#3843=CARTESIAN_POINT('Origin',(-0.367044737390135,146.441891782498,23.));
#3844=CARTESIAN_POINT('',(-5.36704473739014,147.424621302336,23.));
#3845=CARTESIAN_POINT('Origin',(5.36704473739014,146.441891782498,28.));
#3846=CARTESIAN_POINT('',(0.367044737390142,146.441891782498,18.));
#3847=CARTESIAN_POINT('',(-5.36704473739014,146.441891782498,18.));
#3848=CARTESIAN_POINT('',(5.36704473739014,146.441891782498,23.));
#3849=CARTESIAN_POINT('Origin',(0.367044737390142,146.441891782498,23.));
#3850=CARTESIAN_POINT('',(5.36704473739014,146.441891782498,28.));
#3851=CARTESIAN_POINT('',(5.36704473739014,146.441891782498,28.));
#3852=CARTESIAN_POINT('',(-5.36704473739014,146.441891782498,28.));
#3853=CARTESIAN_POINT('',(2.68352236869507,146.441891782498,28.));
#3854=CARTESIAN_POINT('',(-5.36704473739014,146.441891782498,28.));
#3855=CARTESIAN_POINT('Origin',(3.33066907387547E-15,148.407350822173,18.));
#3856=CARTESIAN_POINT('',(0.367044737390142,150.372809861848,18.));
#3857=CARTESIAN_POINT('',(5.36704473739014,150.372809861848,18.));
#3858=CARTESIAN_POINT('',(0.367044737390142,149.390080342011,18.));
#3859=CARTESIAN_POINT('Origin',(0.367044737390142,149.390080342011,23.));
#3860=CARTESIAN_POINT('',(5.36704473739014,150.372809861848,23.));
#3861=CARTESIAN_POINT('Origin',(0.367044737390142,150.372809861848,23.));
#3862=CARTESIAN_POINT('',(5.36704473739014,149.390080342011,23.));
#3863=CARTESIAN_POINT('Origin',(-5.36704473739014,146.441891782498,28.));
#3864=CARTESIAN_POINT('',(-5.36704473739014,150.372809861848,28.));
#3865=CARTESIAN_POINT('',(-5.36704473739014,147.424621302336,28.));
#3866=CARTESIAN_POINT('',(-5.36704473739014,150.372809861848,28.));
#3867=CARTESIAN_POINT('Origin',(5.36704473739014,150.372809861848,28.));
#3868=CARTESIAN_POINT('',(5.36704473739014,150.372809861848,28.));
#3869=CARTESIAN_POINT('',(5.36704473739014,150.372809861848,28.));
#3870=CARTESIAN_POINT('',(5.36704473739014,149.390080342011,28.));
#3871=CARTESIAN_POINT('Origin',(-5.36704473739014,150.372809861848,28.));
#3872=CARTESIAN_POINT('',(-2.68352236869507,150.372809861848,28.));
#3873=CARTESIAN_POINT('Origin',(26.3,149.207350822173,28.));
#3874=CARTESIAN_POINT('',(26.3,149.207350822173,28.));
#3875=CARTESIAN_POINT('',(22.3,149.207350822173,28.));
#3876=CARTESIAN_POINT('',(26.3,149.207350822173,28.));
#3877=CARTESIAN_POINT('',(22.3,149.207350822173,169.8));
#3878=CARTESIAN_POINT('',(22.3,149.207350822173,28.));
#3879=CARTESIAN_POINT('',(26.3,149.207350822173,169.8));
#3880=CARTESIAN_POINT('',(26.3,149.207350822173,169.8));
#3881=CARTESIAN_POINT('',(26.3,149.207350822173,28.));
#3882=CARTESIAN_POINT('Origin',(26.3,147.607350822173,28.));
#3883=CARTESIAN_POINT('',(26.3,147.607350822173,28.));
#3884=CARTESIAN_POINT('',(26.3,147.607350822173,28.));
#3885=CARTESIAN_POINT('',(26.3,147.607350822173,169.8));
#3886=CARTESIAN_POINT('',(26.3,147.607350822173,169.8));
#3887=CARTESIAN_POINT('',(26.3,147.607350822173,28.));
#3888=CARTESIAN_POINT('Origin',(22.3,147.607350822173,28.));
#3889=CARTESIAN_POINT('',(22.3,147.607350822173,28.));
#3890=CARTESIAN_POINT('',(22.3,147.607350822173,28.));
#3891=CARTESIAN_POINT('',(22.3,147.607350822173,169.8));
#3892=CARTESIAN_POINT('',(22.3,147.607350822173,169.8));
#3893=CARTESIAN_POINT('',(22.3,147.607350822173,28.));
#3894=CARTESIAN_POINT('Origin',(22.3,145.607350822173,28.));
#3895=CARTESIAN_POINT('',(22.3,145.607350822173,28.));
#3896=CARTESIAN_POINT('',(22.3,145.607350822173,28.));
#3897=CARTESIAN_POINT('',(22.3,145.607350822173,169.8));
#3898=CARTESIAN_POINT('',(22.3,145.607350822173,169.8));
#3899=CARTESIAN_POINT('',(22.3,145.607350822173,28.));
#3900=CARTESIAN_POINT('Origin',(-22.3,145.607350822173,28.));
#3901=CARTESIAN_POINT('',(-22.3,145.607350822173,28.));
#3902=CARTESIAN_POINT('',(-22.3,145.607350822173,28.));
#3903=CARTESIAN_POINT('',(-22.3,145.607350822173,169.8));
#3904=CARTESIAN_POINT('',(-22.3,145.607350822173,169.8));
#3905=CARTESIAN_POINT('',(-22.3,145.607350822173,28.));
#3906=CARTESIAN_POINT('Origin',(-22.3,147.607350822173,28.));
#3907=CARTESIAN_POINT('',(-22.3,147.607350822173,28.));
#3908=CARTESIAN_POINT('',(-22.3,147.607350822173,28.));
#3909=CARTESIAN_POINT('',(-22.3,147.607350822173,169.8));
#3910=CARTESIAN_POINT('',(-22.3,147.607350822173,169.8));
#3911=CARTESIAN_POINT('',(-22.3,147.607350822173,28.));
#3912=CARTESIAN_POINT('Origin',(-26.3,147.607350822173,28.));
#3913=CARTESIAN_POINT('',(-26.3,147.607350822173,28.));
#3914=CARTESIAN_POINT('',(-26.3,147.607350822173,28.));
#3915=CARTESIAN_POINT('',(-26.3,147.607350822173,169.8));
#3916=CARTESIAN_POINT('',(-26.3,147.607350822173,169.8));
#3917=CARTESIAN_POINT('',(-26.3,147.607350822173,28.));
#3918=CARTESIAN_POINT('Origin',(-26.3,149.207350822173,28.));
#3919=CARTESIAN_POINT('',(-26.3,149.207350822173,28.));
#3920=CARTESIAN_POINT('',(-26.3,149.207350822173,28.));
#3921=CARTESIAN_POINT('',(-26.3,149.207350822173,169.8));
#3922=CARTESIAN_POINT('',(-26.3,149.207350822173,169.8));
#3923=CARTESIAN_POINT('',(-26.3,149.207350822173,28.));
#3924=CARTESIAN_POINT('Origin',(-22.3,149.207350822173,28.));
#3925=CARTESIAN_POINT('',(-22.3,149.207350822173,28.));
#3926=CARTESIAN_POINT('',(-22.3,149.207350822173,28.));
#3927=CARTESIAN_POINT('',(-22.3,149.207350822173,169.8));
#3928=CARTESIAN_POINT('',(-22.3,149.207350822173,169.8));
#3929=CARTESIAN_POINT('',(-22.3,149.207350822173,28.));
#3930=CARTESIAN_POINT('Origin',(-22.3,151.207350822173,28.));
#3931=CARTESIAN_POINT('',(-22.3,151.207350822173,28.));
#3932=CARTESIAN_POINT('',(-22.3,151.207350822173,28.));
#3933=CARTESIAN_POINT('',(-22.3,151.207350822173,169.8));
#3934=CARTESIAN_POINT('',(-22.3,151.207350822173,169.8));
#3935=CARTESIAN_POINT('',(-22.3,151.207350822173,28.));
#3936=CARTESIAN_POINT('Origin',(22.3,151.207350822173,28.));
#3937=CARTESIAN_POINT('',(22.3,151.207350822173,28.));
#3938=CARTESIAN_POINT('',(22.3,151.207350822173,28.));
#3939=CARTESIAN_POINT('',(22.3,151.207350822173,169.8));
#3940=CARTESIAN_POINT('',(22.3,151.207350822173,169.8));
#3941=CARTESIAN_POINT('',(22.3,151.207350822173,28.));
#3942=CARTESIAN_POINT('Origin',(22.3,149.207350822173,28.));
#3943=CARTESIAN_POINT('',(22.3,151.207350822173,28.));
#3944=CARTESIAN_POINT('',(22.3,151.207350822173,169.8));
#3945=CARTESIAN_POINT('Origin',(0.,148.407350822173,28.));
#3946=CARTESIAN_POINT('Origin',(0.,148.407350822173,169.8));
#3947=CARTESIAN_POINT('Origin',(0.,66.65,217.));
#3948=CARTESIAN_POINT('',(7.,171.65,217.));
#3949=CARTESIAN_POINT('',(-7.,171.65,217.));
#3950=CARTESIAN_POINT('Origin',(-1.11022302462516E-15,171.65,217.));
#3951=CARTESIAN_POINT('',(7.,163.65,217.));
#3952=CARTESIAN_POINT('',(7.,163.65,217.));
#3953=CARTESIAN_POINT('',(32.,138.65,217.));
#3954=CARTESIAN_POINT('Origin',(7.00000000000001,138.65,217.));
#3955=CARTESIAN_POINT('',(32.,-5.35,217.));
#3956=CARTESIAN_POINT('',(32.,-5.35,217.));
#3957=CARTESIAN_POINT('',(7.,-30.35,217.));
#3958=CARTESIAN_POINT('Origin',(6.99999999999998,-5.34999999999998,217.));
#3959=CARTESIAN_POINT('',(-7.,-30.35,217.));
#3960=CARTESIAN_POINT('',(-7.,-30.35,217.));
#3961=CARTESIAN_POINT('',(-32.,-5.35,217.));
#3962=CARTESIAN_POINT('Origin',(-7.,-5.35000000000001,217.));
#3963=CARTESIAN_POINT('',(-32.,138.65,217.));
#3964=CARTESIAN_POINT('',(-32.,138.65,217.));
#3965=CARTESIAN_POINT('',(-7.,163.65,217.));
#3966=CARTESIAN_POINT('Origin',(-7.,138.65,217.));
#3967=CARTESIAN_POINT('',(-7.,163.65,217.));
#3968=CARTESIAN_POINT('',(-7.,161.65,217.));
#3969=CARTESIAN_POINT('',(-30.,138.65,217.));
#3970=CARTESIAN_POINT('Origin',(-7.,138.65,217.));
#3971=CARTESIAN_POINT('',(-30.,-5.35,217.));
#3972=CARTESIAN_POINT('',(-30.,30.65,217.));
#3973=CARTESIAN_POINT('',(-7.,-28.35,217.));
#3974=CARTESIAN_POINT('Origin',(-7.,-5.35000000000001,217.));
#3975=CARTESIAN_POINT('',(6.99999999999998,-28.35,217.));
#3976=CARTESIAN_POINT('',(3.50000000000004,-28.35,217.));
#3977=CARTESIAN_POINT('',(30.,-5.35,217.));
#3978=CARTESIAN_POINT('Origin',(6.99999999999998,-5.34999999999998,217.));
#3979=CARTESIAN_POINT('',(30.,138.65,217.));
#3980=CARTESIAN_POINT('',(30.,102.65,217.));
#3981=CARTESIAN_POINT('',(7.,161.65,217.));
#3982=CARTESIAN_POINT('Origin',(7.,138.65,217.));
#3983=CARTESIAN_POINT('',(-3.5,161.65,217.));
#3984=CARTESIAN_POINT('Origin',(2.22044604925031E-15,171.65,218.));
#3985=CARTESIAN_POINT('',(-7.,171.65,219.));
#3986=CARTESIAN_POINT('',(-7.,171.65,217.));
#3987=CARTESIAN_POINT('',(7.,171.65,219.));
#3988=CARTESIAN_POINT('Origin',(2.22044604925031E-15,171.65,219.));
#3989=CARTESIAN_POINT('',(7.,171.65,218.));
#3990=CARTESIAN_POINT('Origin',(0.,66.65,219.));
#3991=CARTESIAN_POINT('',(-7.,163.65,219.));
#3992=CARTESIAN_POINT('',(-7.,163.65,219.));
#3993=CARTESIAN_POINT('',(-32.,138.65,219.));
#3994=CARTESIAN_POINT('Origin',(-7.,138.65,219.));
#3995=CARTESIAN_POINT('',(-32.,-5.35,219.));
#3996=CARTESIAN_POINT('',(-32.,138.65,219.));
#3997=CARTESIAN_POINT('',(-7.,-30.35,219.));
#3998=CARTESIAN_POINT('Origin',(-7.,-5.35000000000001,219.));
#3999=CARTESIAN_POINT('',(7.,-30.35,219.));
#4000=CARTESIAN_POINT('',(-7.,-30.35,219.));
#4001=CARTESIAN_POINT('',(32.,-5.35,219.));
#4002=CARTESIAN_POINT('Origin',(6.99999999999998,-5.34999999999998,219.));
#4003=CARTESIAN_POINT('',(32.,138.65,219.));
#4004=CARTESIAN_POINT('',(32.,-5.35,219.));
#4005=CARTESIAN_POINT('',(7.,163.65,219.));
#4006=CARTESIAN_POINT('Origin',(7.00000000000001,138.65,219.));
#4007=CARTESIAN_POINT('',(7.,163.65,219.));
#4008=CARTESIAN_POINT('Origin',(7.,163.65,219.));
#4009=CARTESIAN_POINT('',(7.,163.65,217.));
#4010=CARTESIAN_POINT('Origin',(-7.,163.65,217.));
#4011=CARTESIAN_POINT('',(-7.,163.65,217.));
#4012=CARTESIAN_POINT('Origin',(6.99999999999998,-5.34999999999998,217.));
#4013=CARTESIAN_POINT('',(28.,-5.35,217.));
#4014=CARTESIAN_POINT('',(6.99999999999998,-26.35,217.));
#4015=CARTESIAN_POINT('Origin',(6.99999999999998,-5.34999999999998,217.));
#4016=CARTESIAN_POINT('',(28.,-5.35,212.));
#4017=CARTESIAN_POINT('',(28.,-5.35,217.));
#4018=CARTESIAN_POINT('',(6.99999999999998,-26.35,212.));
#4019=CARTESIAN_POINT('Origin',(6.99999999999998,-5.34999999999998,212.));
#4020=CARTESIAN_POINT('',(6.99999999999998,-26.35,217.));
#4021=CARTESIAN_POINT('Origin',(-7.,-26.35,217.));
#4022=CARTESIAN_POINT('',(-7.,-26.35,217.));
#4023=CARTESIAN_POINT('',(-3.49999999999995,-26.35,217.));
#4024=CARTESIAN_POINT('',(-7.,-26.35,212.));
#4025=CARTESIAN_POINT('',(6.99999999999998,-26.35,212.));
#4026=CARTESIAN_POINT('',(-7.,-26.35,217.));
#4027=CARTESIAN_POINT('Origin',(-7.,-5.35000000000001,217.));
#4028=CARTESIAN_POINT('',(-28.,-5.35,217.));
#4029=CARTESIAN_POINT('Origin',(-7.,-5.35000000000001,217.));
#4030=CARTESIAN_POINT('',(-28.,-5.35,212.));
#4031=CARTESIAN_POINT('Origin',(-7.,-5.35000000000001,212.));
#4032=CARTESIAN_POINT('',(-28.,-5.35,217.));
#4033=CARTESIAN_POINT('Origin',(-28.,138.65,217.));
#4034=CARTESIAN_POINT('',(-28.,138.65,217.));
#4035=CARTESIAN_POINT('',(-28.,102.65,217.));
#4036=CARTESIAN_POINT('',(-28.,138.65,212.));
#4037=CARTESIAN_POINT('',(-28.,-5.35,212.));
#4038=CARTESIAN_POINT('',(-28.,138.65,217.));
#4039=CARTESIAN_POINT('Origin',(-7.,138.65,217.));
#4040=CARTESIAN_POINT('',(-7.,159.65,217.));
#4041=CARTESIAN_POINT('Origin',(-7.,138.65,217.));
#4042=CARTESIAN_POINT('',(-7.,159.65,212.));
#4043=CARTESIAN_POINT('Origin',(-7.,138.65,212.));
#4044=CARTESIAN_POINT('',(-7.,159.65,217.));
#4045=CARTESIAN_POINT('Origin',(7.,159.65,217.));
#4046=CARTESIAN_POINT('',(7.,159.65,217.));
#4047=CARTESIAN_POINT('',(3.5,159.65,217.));
#4048=CARTESIAN_POINT('',(7.,159.65,212.));
#4049=CARTESIAN_POINT('',(-7.,159.65,212.));
#4050=CARTESIAN_POINT('',(7.,159.65,217.));
#4051=CARTESIAN_POINT('Origin',(7.,138.65,217.));
#4052=CARTESIAN_POINT('',(28.,138.65,217.));
#4053=CARTESIAN_POINT('Origin',(7.,138.65,217.));
#4054=CARTESIAN_POINT('',(28.,138.65,212.));
#4055=CARTESIAN_POINT('Origin',(7.,138.65,212.));
#4056=CARTESIAN_POINT('',(28.,138.65,217.));
#4057=CARTESIAN_POINT('Origin',(28.,-5.35,217.));
#4058=CARTESIAN_POINT('',(28.,30.65,217.));
#4059=CARTESIAN_POINT('',(28.,138.65,212.));
#4060=CARTESIAN_POINT('Origin',(-7.,138.65,217.));
#4061=CARTESIAN_POINT('',(-7.,161.65,212.));
#4062=CARTESIAN_POINT('',(-7.,161.65,217.));
#4063=CARTESIAN_POINT('',(-30.,138.65,212.));
#4064=CARTESIAN_POINT('Origin',(-7.,138.65,212.));
#4065=CARTESIAN_POINT('',(-30.,138.65,217.));
#4066=CARTESIAN_POINT('Origin',(-30.,-5.35,217.));
#4067=CARTESIAN_POINT('',(-30.,-5.35,212.));
#4068=CARTESIAN_POINT('',(-30.,-5.35,212.));
#4069=CARTESIAN_POINT('',(-30.,-5.35,217.));
#4070=CARTESIAN_POINT('Origin',(-7.,-5.35000000000001,217.));
#4071=CARTESIAN_POINT('',(-7.,-28.35,212.));
#4072=CARTESIAN_POINT('Origin',(-7.,-5.35000000000001,212.));
#4073=CARTESIAN_POINT('',(-7.,-28.35,217.));
#4074=CARTESIAN_POINT('Origin',(6.99999999999998,-28.35,217.));
#4075=CARTESIAN_POINT('',(6.99999999999998,-28.35,212.));
#4076=CARTESIAN_POINT('',(6.99999999999998,-28.35,212.));
#4077=CARTESIAN_POINT('',(6.99999999999998,-28.35,217.));
#4078=CARTESIAN_POINT('Origin',(6.99999999999998,-5.34999999999998,217.));
#4079=CARTESIAN_POINT('',(30.,-5.35,212.));
#4080=CARTESIAN_POINT('Origin',(6.99999999999998,-5.34999999999998,212.));
#4081=CARTESIAN_POINT('',(30.,-5.35,217.));
#4082=CARTESIAN_POINT('Origin',(30.,138.65,217.));
#4083=CARTESIAN_POINT('',(30.,138.65,212.));
#4084=CARTESIAN_POINT('',(30.,138.65,212.));
#4085=CARTESIAN_POINT('',(30.,138.65,217.));
#4086=CARTESIAN_POINT('Origin',(7.,138.65,217.));
#4087=CARTESIAN_POINT('',(7.,161.65,212.));
#4088=CARTESIAN_POINT('Origin',(7.,138.65,212.));
#4089=CARTESIAN_POINT('',(7.,161.65,217.));
#4090=CARTESIAN_POINT('Origin',(-7.,161.65,217.));
#4091=CARTESIAN_POINT('',(-7.,161.65,212.));
#4092=CARTESIAN_POINT('Origin',(0.,66.65,212.));
#4093=CARTESIAN_POINT('Origin',(7.00000000000001,138.65,217.));
#4094=CARTESIAN_POINT('',(32.,138.65,217.));
#4095=CARTESIAN_POINT('Origin',(32.,-5.35,217.));
#4096=CARTESIAN_POINT('',(32.,-5.35,217.));
#4097=CARTESIAN_POINT('Origin',(6.99999999999998,-5.34999999999998,217.));
#4098=CARTESIAN_POINT('',(7.,-30.35,217.));
#4099=CARTESIAN_POINT('Origin',(-7.,-30.35,217.));
#4100=CARTESIAN_POINT('',(-7.,-30.35,217.));
#4101=CARTESIAN_POINT('Origin',(-7.,-5.35000000000001,217.));
#4102=CARTESIAN_POINT('',(-32.,-5.35,217.));
#4103=CARTESIAN_POINT('Origin',(-32.,138.65,217.));
#4104=CARTESIAN_POINT('',(-32.,138.65,217.));
#4105=CARTESIAN_POINT('Origin',(-7.,138.65,217.));
#4106=CARTESIAN_POINT('Origin',(0.,66.65,217.));
#4107=UNCERTAINTY_MEASURE_WITH_UNIT(LENGTH_MEASURE(0.01),#4111,
'DISTANCE_ACCURACY_VALUE',
'Maximum model space distance between geometric entities at asserted c
onnectivities');
#4108=UNCERTAINTY_MEASURE_WITH_UNIT(LENGTH_MEASURE(0.01),#4111,
'DISTANCE_ACCURACY_VALUE',
'Maximum model space distance between geometric entities at asserted c
onnectivities');
#4109=(
GEOMETRIC_REPRESENTATION_CONTEXT(3)
GLOBAL_UNCERTAINTY_ASSIGNED_CONTEXT((#4107))
GLOBAL_UNIT_ASSIGNED_CONTEXT((#4111,#4113,#4114))
REPRESENTATION_CONTEXT('','3D')
);
#4110=(
GEOMETRIC_REPRESENTATION_CONTEXT(3)
GLOBAL_UNCERTAINTY_ASSIGNED_CONTEXT((#4108))
GLOBAL_UNIT_ASSIGNED_CONTEXT((#4111,#4113,#4114))
REPRESENTATION_CONTEXT('','3D')
);
#4111=(
LENGTH_UNIT()
NAMED_UNIT(*)
SI_UNIT(.MILLI.,.METRE.)
);
#4112=(
LENGTH_UNIT()
NAMED_UNIT(*)
SI_UNIT($,.METRE.)
);
#4113=(
NAMED_UNIT(*)
PLANE_ANGLE_UNIT()
SI_UNIT($,.RADIAN.)
);
#4114=(
NAMED_UNIT(*)
SI_UNIT($,.STERADIAN.)
SOLID_ANGLE_UNIT()
);
#4115=SHAPE_DEFINITION_REPRESENTATION(#4116,#4117);
#4116=PRODUCT_DEFINITION_SHAPE('',$,#4119);
#4117=SHAPE_REPRESENTATION('',(#2489),#4109);
#4118=PRODUCT_DEFINITION_CONTEXT('part definition',#4123,'design');
#4119=PRODUCT_DEFINITION('2026-06-26-14-11-03-623','Heated Inlet V2',#4120,
#4118);
#4120=PRODUCT_DEFINITION_FORMATION('',$,#4125);
#4121=PRODUCT_RELATED_PRODUCT_CATEGORY('Heated Inlet V2',
'Heated Inlet V2',(#4125));
#4122=APPLICATION_PROTOCOL_DEFINITION('international standard',
'automotive_design',2009,#4123);
#4123=APPLICATION_CONTEXT(
'Core Data for Automotive Mechanical Design Process');
#4124=PRODUCT_CONTEXT('part definition',#4123,'mechanical');
#4125=PRODUCT('2026-06-26-14-11-03-623','Heated Inlet V2',$,(#4124));
#4126=PRESENTATION_STYLE_ASSIGNMENT((#4128));
#4127=PRESENTATION_STYLE_ASSIGNMENT((#4129));
#4128=SURFACE_STYLE_USAGE(.BOTH.,#4130);
#4129=SURFACE_STYLE_USAGE(.BOTH.,#4131);
#4130=SURFACE_SIDE_STYLE('',(#4132));
#4131=SURFACE_SIDE_STYLE('',(#4133));
#4132=SURFACE_STYLE_FILL_AREA(#4134);
#4133=SURFACE_STYLE_FILL_AREA(#4135);
#4134=FILL_AREA_STYLE('Steel - Satin',(#4136));
#4135=FILL_AREA_STYLE('Plastic - Matte (Gray)',(#4137));
#4136=FILL_AREA_STYLE_COLOUR('Steel - Satin',#4138);
#4137=FILL_AREA_STYLE_COLOUR('Plastic - Matte (Gray)',#4139);
#4138=COLOUR_RGB('Steel - Satin',0.627450980392157,0.627450980392157,0.627450980392157);
#4139=COLOUR_RGB('Plastic - Matte (Gray)',0.929411764705882,0.92156862745098,
0.933333333333333);
ENDSEC;
END-ISO-10303-21;
